episode_id,product_id,ingredient_id,therapeutic_class,dosage_form,episode_start,episode_end,duration_days,is_resolved,is_open_at_cutoff,recurrence_index,days_since_prior_episode,episode_gap_rule_days
E000001,P00001,I0368,CNS / analgesia,injection,2015-06-07,2015-07-28,51,1,0,0,,30
E000002,P00001,I0368,CNS / analgesia,injection,2017-01-08,2017-02-03,26,1,0,1,530,30
E000003,P00001,I0368,CNS / analgesia,injection,2018-11-27,2019-01-09,43,1,0,2,662,30
E000004,P00001,I0368,CNS / analgesia,injection,2019-06-17,2019-09-08,83,1,0,3,159,30
E000005,P00002,I0147,Anaesthesia,ophthalmic,2018-02-08,2018-07-03,145,1,0,0,,30
E000006,P00003,I0416,Anti-infective,injection,2015-07-08,2015-09-23,77,1,0,0,,30
E000007,P00004,I0094,Oncology,ophthalmic,2017-01-25,2017-06-07,133,1,0,0,,30
E000008,P00004,I0094,Oncology,ophthalmic,2019-10-06,2020-01-02,88,1,0,1,851,30
E000009,P00005,I0329,Anaesthesia,oral liquid,2015-08-21,2018-09-16,1122,1,0,0,,30
E000010,P00005,I0329,Anaesthesia,oral liquid,2020-09-13,2021-02-08,148,1,0,1,728,30
E000011,P00006,I0197,Electrolytes / fluids,inhalation,2016-08-27,2016-10-10,44,1,0,0,,30
E000012,P00007,I0192,Respiratory,inhalation,2017-01-26,2017-05-19,113,1,0,0,,30
E000013,P00007,I0192,Respiratory,inhalation,2018-02-01,2018-04-03,61,1,0,1,258,30
E000014,P00008,I0087,Respiratory,oral solid,2017-11-02,2018-04-08,157,1,0,0,,30
E000015,P00009,I0422,Ophthalmic,inhalation,2017-02-04,2017-04-22,77,1,0,0,,30
E000016,P00010,I0032,Cardiovascular,inhalation,2015-01-13,2015-03-12,58,1,0,0,,30
E000017,P00010,I0032,Cardiovascular,inhalation,2017-06-21,2017-07-08,17,1,0,1,832,30
E000018,P00011,I0094,Anaesthesia,inhalation,2018-03-17,2018-06-21,96,1,0,0,,30
E000019,P00011,I0094,Anaesthesia,inhalation,2020-06-22,2020-08-16,55,1,0,1,732,30
E000020,P00012,I0022,Electrolytes / fluids,oral liquid,2016-05-14,2018-04-16,702,1,0,0,,30
E000021,P00013,I0162,Anti-infective,inhalation,2017-12-08,2018-04-20,133,1,0,0,,30
E000022,P00014,I0286,Cardiovascular,oral solid,2016-03-04,2016-09-16,196,1,0,0,,30
E000023,P00015,I0374,Oncology,oral liquid,2017-05-18,2017-10-05,140,1,0,0,,30
E000024,P00016,I0357,Respiratory,ophthalmic,2016-11-10,2017-03-04,114,1,0,0,,30
E000025,P00017,I0081,Cardiovascular,ophthalmic,2015-05-07,2015-08-06,91,1,0,0,,30
E000026,P00017,I0081,Cardiovascular,ophthalmic,2016-03-13,2016-06-05,84,1,0,1,220,30
E000027,P00018,I0297,Electrolytes / fluids,ophthalmic,2016-12-21,2017-04-21,121,1,0,0,,30
E000028,P00018,I0297,Electrolytes / fluids,ophthalmic,2019-02-10,2019-03-13,31,1,0,1,660,30
E000029,P00018,I0297,Electrolytes / fluids,ophthalmic,2020-07-11,2020-08-08,28,1,0,2,486,30
E000030,P00019,I0210,Anti-infective,ophthalmic,2016-08-06,2016-09-26,51,1,0,0,,30
E000031,P00019,I0210,Anti-infective,ophthalmic,2018-07-26,2019-02-12,201,1,0,1,668,30
E000032,P00020,I0211,Electrolytes / fluids,oral solid,2017-04-15,2017-07-05,81,1,0,0,,30
E000033,P00021,I0136,CNS / analgesia,injection,2017-02-11,2017-03-23,40,1,0,0,,30
E000034,P00022,I0120,Endocrine,oral solid,2015-10-02,2015-12-24,83,1,0,0,,30
E000035,P00023,I0142,Ophthalmic,oral liquid,2017-05-28,2017-09-18,113,1,0,0,,30
E000036,P00024,I0037,Cardiovascular,oral solid,2015-09-19,2015-10-23,34,1,0,0,,30
E000037,P00025,I0102,Ophthalmic,inhalation,2016-01-08,2016-03-25,77,1,0,0,,30
E000038,P00025,I0102,Ophthalmic,inhalation,2018-02-04,2018-03-20,44,1,0,1,681,30
E000039,P00026,I0133,Immunologic,oral liquid,2017-03-03,2017-03-31,28,1,0,0,,30
E000040,P00027,I0284,Electrolytes / fluids,oral solid,2016-09-25,2016-11-07,43,1,0,0,,30
E000041,P00027,I0284,Electrolytes / fluids,oral solid,2017-12-04,2018-02-09,67,1,0,1,392,30
E000042,P00028,I0084,Cardiovascular,inhalation,2015-01-20,2015-03-31,70,1,0,0,,30
E000043,P00028,I0084,Cardiovascular,inhalation,2016-01-18,2016-07-07,171,1,0,1,293,30
E000044,P00029,I0250,Anaesthesia,ophthalmic,2015-08-27,2016-04-23,240,1,0,0,,30
E000045,P00029,I0250,Anaesthesia,ophthalmic,2017-06-17,2017-08-02,46,1,0,1,420,30
E000046,P00029,I0250,Anaesthesia,ophthalmic,2019-10-28,2020-05-14,199,1,0,2,817,30
E000047,P00030,I0060,Ophthalmic,inhalation,2015-08-04,2015-09-05,32,1,0,0,,30
E000048,P00031,I0112,Anaesthesia,oral solid,2016-12-08,2017-02-09,63,1,0,0,,30
E000049,P00031,I0112,Anaesthesia,oral solid,2017-10-12,2018-06-22,253,1,0,1,245,30
E000050,P00032,I0287,Electrolytes / fluids,oral liquid,2016-03-11,2016-10-31,234,1,0,0,,30
E000051,P00033,I0378,Oncology,ophthalmic,2018-04-02,2018-09-27,178,1,0,0,,30
E000052,P00033,I0378,Oncology,ophthalmic,2020-03-23,2021-02-28,342,1,0,1,543,30
E000053,P00033,I0378,Oncology,ophthalmic,2022-05-30,2022-10-01,124,1,0,2,456,30
E000054,P00034,I0364,Cardiovascular,oral solid,2016-07-09,2016-09-27,80,1,0,0,,30
E000055,P00035,I0002,Cardiovascular,oral liquid,2016-08-29,2016-11-27,90,1,0,0,,30
E000056,P00036,I0144,CNS / analgesia,inhalation,2015-10-08,2015-11-23,46,1,0,0,,30
E000057,P00036,I0144,CNS / analgesia,inhalation,2016-05-01,2016-06-16,46,1,0,1,160,30
E000058,P00037,I0018,Cardiovascular,ophthalmic,2016-11-23,2016-12-15,22,1,0,0,,30
E000059,P00038,I0080,Endocrine,oral liquid,2018-03-05,2018-11-20,260,1,0,0,,30
E000060,P00038,I0080,Endocrine,oral liquid,2020-01-13,2020-04-20,98,1,0,1,419,30
E000061,P00038,I0080,Endocrine,oral liquid,2021-04-17,2021-05-07,20,1,0,2,362,30
E000062,P00038,I0080,Endocrine,oral liquid,2023-02-13,2023-03-15,30,1,0,3,647,30
E000063,P00038,I0080,Endocrine,oral liquid,2023-12-24,2024-04-25,123,1,0,4,284,30
E000064,P00039,I0396,CNS / analgesia,inhalation,2015-02-04,2015-08-17,194,1,0,0,,30
E000065,P00039,I0396,CNS / analgesia,inhalation,2016-08-01,2016-11-24,115,1,0,1,350,30
E000066,P00040,I0253,Ophthalmic,oral solid,2018-01-05,2018-03-04,58,1,0,0,,30
E000067,P00041,I0278,Anti-infective,injection,2018-02-16,2018-12-25,312,1,0,0,,30
E000068,P00041,I0278,Anti-infective,injection,2020-02-08,2020-07-21,164,1,0,1,410,30
E000069,P00042,I0428,Respiratory,ophthalmic,2017-12-26,2018-03-04,68,1,0,0,,30
E000070,P00042,I0428,Respiratory,ophthalmic,2020-02-17,2020-04-03,46,1,0,1,715,30
E000071,P00042,I0428,Respiratory,ophthalmic,2020-12-11,2021-01-28,48,1,0,2,252,30
E000072,P00043,I0202,Endocrine,inhalation,2015-01-01,2015-08-30,241,1,0,0,,30
E000073,P00044,I0216,Anaesthesia,ophthalmic,2017-09-26,2019-03-24,544,1,0,0,,30
E000074,P00044,I0216,Anaesthesia,ophthalmic,2021-03-12,2021-04-01,20,1,0,1,719,30
E000075,P00045,I0273,Cardiovascular,ophthalmic,2015-05-04,2015-09-05,124,1,0,0,,30
E000076,P00046,I0397,Electrolytes / fluids,oral liquid,2015-07-14,2015-08-18,35,1,0,0,,30
E000077,P00047,I0340,Anti-infective,ophthalmic,2017-10-12,2017-11-30,49,1,0,0,,30
E000078,P00047,I0340,Anti-infective,ophthalmic,2019-11-26,2020-01-07,42,1,0,1,726,30
E000079,P00048,I0057,Oncology,oral solid,2016-11-14,2017-03-15,121,1,0,0,,30
E000080,P00048,I0057,Oncology,oral solid,2017-10-08,2018-02-12,127,1,0,1,207,30
E000081,P00049,I0175,Immunologic,ophthalmic,2017-08-08,2017-09-06,29,1,0,0,,30
E000082,P00049,I0175,Immunologic,ophthalmic,2018-03-24,2018-05-11,48,1,0,1,199,30
E000083,P00049,I0175,Immunologic,ophthalmic,2018-08-29,2018-10-25,57,1,0,2,110,30
E000084,P00049,I0175,Immunologic,ophthalmic,2020-07-18,2020-09-02,46,1,0,3,632,30
E000085,P00050,I0399,Respiratory,injection,2015-06-05,2015-06-30,25,1,0,0,,30
E000086,P00050,I0399,Respiratory,injection,2016-11-28,2017-01-12,45,1,0,1,517,30
E000087,P00050,I0399,Respiratory,injection,2018-08-03,2018-10-14,72,1,0,2,568,30
E000088,P00050,I0399,Respiratory,injection,2019-10-05,2019-11-03,29,1,0,3,356,30
E000089,P00051,I0276,Electrolytes / fluids,oral liquid,2017-08-18,2018-05-14,269,1,0,0,,30
E000090,P00052,I0024,Anti-infective,inhalation,2016-11-04,2017-01-19,76,1,0,0,,30
E000091,P00052,I0024,Anti-infective,inhalation,2018-09-07,2018-11-16,70,1,0,1,596,30
E000092,P00053,I0251,Oncology,oral liquid,2017-03-10,2017-06-04,86,1,0,0,,30
E000093,P00054,I0286,Respiratory,oral liquid,2016-06-16,2016-09-25,101,1,0,0,,30
E000094,P00055,I0415,Electrolytes / fluids,injection,2015-01-12,2015-08-12,212,1,0,0,,30
E000095,P00056,I0149,Cardiovascular,oral solid,2015-07-23,2015-09-15,54,1,0,0,,30
E000096,P00057,I0288,Electrolytes / fluids,ophthalmic,2016-12-17,2017-01-17,31,1,0,0,,30
E000097,P00058,I0316,Cardiovascular,oral solid,2017-02-07,2017-03-10,31,1,0,0,,30
E000098,P00058,I0316,Cardiovascular,oral solid,2018-03-30,2018-08-02,125,1,0,1,385,30
E000099,P00059,I0189,CNS / analgesia,inhalation,2016-12-29,2018-09-17,627,1,0,0,,30
E000100,P00060,I0348,Immunologic,ophthalmic,2015-11-10,2016-06-06,209,1,0,0,,30
E000101,P00060,I0348,Immunologic,ophthalmic,2018-04-24,2018-05-14,20,1,0,1,687,30
E000102,P00061,I0255,Oncology,injection,2017-05-28,2017-07-09,42,1,0,0,,30
E000103,P00061,I0255,Oncology,injection,2019-12-13,2020-06-08,178,1,0,1,887,30
E000104,P00062,I0278,Cardiovascular,oral liquid,2016-09-14,2016-12-13,90,1,0,0,,30
E000105,P00063,I0078,Endocrine,oral solid,2017-09-30,2017-12-23,84,1,0,0,,30
E000106,P00064,I0413,CNS / analgesia,injection,2017-02-06,2017-04-27,80,1,0,0,,30
E000107,P00065,I0107,Oncology,oral solid,2015-04-30,2015-08-23,115,1,0,0,,30
E000108,P00065,I0107,Oncology,oral solid,2015-10-14,2016-04-22,191,1,0,1,52,30
E000109,P00066,I0108,Anti-infective,inhalation,2016-10-20,2016-12-25,66,1,0,0,,30
E000110,P00066,I0108,Anti-infective,inhalation,2017-07-08,2017-11-28,143,1,0,1,195,30
E000111,P00067,I0013,CNS / analgesia,oral liquid,2017-02-07,2017-03-03,24,1,0,0,,30
E000112,P00067,I0013,CNS / analgesia,oral liquid,2018-05-26,2018-08-06,72,1,0,1,449,30
E000113,P00067,I0013,CNS / analgesia,oral liquid,2020-04-23,2020-05-05,12,1,0,2,626,30
E000114,P00068,I0196,Oncology,ophthalmic,2015-07-16,2015-09-25,71,1,0,0,,30
E000115,P00069,I0147,CNS / analgesia,injection,2015-01-26,2015-10-21,268,1,0,0,,30
E000116,P00070,I0182,Respiratory,oral solid,2018-01-14,2018-05-06,112,1,0,0,,30
E000117,P00071,I0279,Endocrine,ophthalmic,2016-09-22,2016-12-02,71,1,0,0,,30
E000118,P00071,I0279,Endocrine,ophthalmic,2018-08-11,2018-08-31,20,1,0,1,617,30
E000119,P00072,I0094,Electrolytes / fluids,oral liquid,2017-11-26,2018-02-01,67,1,0,0,,30
E000120,P00073,I0198,Oncology,injection,2016-08-11,2017-12-17,493,1,0,0,,30
E000121,P00073,I0198,Oncology,injection,2019-06-17,2019-09-15,90,1,0,1,547,30
E000122,P00073,I0198,Oncology,injection,2019-10-16,2019-11-26,41,1,0,2,31,30
E000123,P00074,I0219,Endocrine,ophthalmic,2015-09-29,2016-05-23,237,1,0,0,,30
E000124,P00074,I0219,Endocrine,ophthalmic,2017-03-31,2017-08-27,149,1,0,1,312,30
E000125,P00075,I0328,Oncology,inhalation,2016-01-07,2017-04-18,467,1,0,0,,30
E000126,P00076,I0275,Respiratory,oral solid,2015-07-30,2015-09-30,62,1,0,0,,30
E000127,P00077,I0245,CNS / analgesia,injection,2016-04-19,2016-07-08,80,1,0,0,,30
E000128,P00077,I0245,CNS / analgesia,injection,2018-01-15,2018-03-17,61,1,0,1,556,30
E000129,P00077,I0245,CNS / analgesia,injection,2018-11-08,2018-11-26,18,1,0,2,236,30
E000130,P00077,I0245,CNS / analgesia,injection,2019-06-28,2019-08-20,53,1,0,3,214,30
E000131,P00077,I0245,CNS / analgesia,injection,2020-06-12,2020-09-10,90,1,0,4,297,30
E000132,P00078,I0409,Respiratory,injection,2016-02-27,2016-05-31,94,1,0,0,,30
E000133,P00078,I0409,Respiratory,injection,2017-07-30,2017-11-08,101,1,0,1,425,30
E000134,P00078,I0409,Respiratory,injection,2018-11-20,2019-02-26,98,1,0,2,377,30
E000135,P00078,I0409,Respiratory,injection,2020-04-30,2020-06-12,43,1,0,3,429,30
E000136,P00079,I0018,Oncology,oral solid,2017-09-29,2017-11-27,59,1,0,0,,30
E000137,P00080,I0255,Anti-infective,inhalation,2015-09-27,2015-11-22,56,1,0,0,,30
E000138,P00080,I0255,Anti-infective,inhalation,2018-04-15,2018-08-14,121,1,0,1,875,30
E000139,P00081,I0089,Electrolytes / fluids,injection,2016-05-25,2017-12-23,577,1,0,0,,30
E000140,P00082,I0407,Electrolytes / fluids,inhalation,2015-06-10,2016-08-29,446,1,0,0,,30
E000141,P00083,I0217,CNS / analgesia,ophthalmic,2017-06-16,2017-08-25,70,1,0,0,,30
E000142,P00083,I0217,CNS / analgesia,ophthalmic,2019-07-26,2019-10-17,83,1,0,1,700,30
E000143,P00084,I0330,Respiratory,inhalation,2015-08-24,2016-02-25,185,1,0,0,,30
E000144,P00084,I0330,Respiratory,inhalation,2016-07-15,2016-07-29,14,1,0,1,141,30
E000145,P00084,I0330,Respiratory,inhalation,2017-09-07,2017-10-06,29,1,0,2,405,30
E000146,P00085,I0247,Anaesthesia,oral liquid,2018-03-15,2018-05-28,74,1,0,0,,30
E000147,P00085,I0247,Anaesthesia,oral liquid,2019-10-02,2020-04-13,194,1,0,1,492,30
E000148,P00085,I0247,Anaesthesia,oral liquid,2022-04-21,2022-05-25,34,1,0,2,738,30
E000149,P00085,I0247,Anaesthesia,oral liquid,2022-07-16,2022-08-09,24,1,0,3,52,30
E000150,P00086,I0138,Cardiovascular,oral solid,2017-08-11,2017-12-14,125,1,0,0,,30
E000151,P00086,I0138,Cardiovascular,oral solid,2018-08-24,2020-03-29,583,1,0,1,253,30
E000152,P00086,I0138,Cardiovascular,oral solid,2021-04-22,2021-06-01,40,1,0,2,389,30
E000153,P00087,I0132,Electrolytes / fluids,oral solid,2016-09-09,2016-11-04,56,1,0,0,,30
E000154,P00087,I0132,Electrolytes / fluids,oral solid,2018-06-02,2018-11-14,165,1,0,1,575,30
E000155,P00087,I0132,Electrolytes / fluids,oral solid,2021-03-07,2021-05-11,65,1,0,2,844,30
E000156,P00088,I0144,Anti-infective,oral solid,2017-07-29,2018-08-03,370,1,0,0,,30
E000157,P00089,I0251,Oncology,ophthalmic,2018-01-20,2018-05-04,104,1,0,0,,30
E000158,P00090,I0335,Cardiovascular,injection,2017-01-08,2017-07-01,174,1,0,0,,30
E000159,P00090,I0335,Cardiovascular,injection,2019-10-23,2020-01-29,98,1,0,1,844,30
E000160,P00090,I0335,Cardiovascular,injection,2021-11-28,2021-12-29,31,1,0,2,669,30
E000161,P00091,I0389,Ophthalmic,oral solid,2017-05-25,2017-07-22,58,1,0,0,,30
E000162,P00092,I0333,CNS / analgesia,ophthalmic,2015-11-05,2016-11-08,369,1,0,0,,30
E000163,P00093,I0155,Respiratory,ophthalmic,2015-06-28,2015-11-05,130,1,0,0,,30
E000164,P00094,I0339,Respiratory,oral solid,2015-01-14,2015-04-01,77,1,0,0,,30
E000165,P00094,I0339,Respiratory,oral solid,2017-07-12,2017-09-08,58,1,0,1,833,30
E000166,P00095,I0397,Oncology,inhalation,2016-07-26,2016-09-09,45,1,0,0,,30
E000167,P00095,I0397,Oncology,inhalation,2018-05-14,2018-09-14,123,1,0,1,612,30
E000168,P00096,I0295,CNS / analgesia,injection,2015-06-06,2015-07-24,48,1,0,0,,30
E000169,P00097,I0227,Electrolytes / fluids,inhalation,2017-12-29,2018-02-15,48,1,0,0,,30
E000170,P00098,I0142,CNS / analgesia,ophthalmic,2015-12-22,2016-07-25,216,1,0,0,,30
E000171,P00098,I0142,CNS / analgesia,ophthalmic,2016-09-05,2016-10-01,26,1,0,1,42,30
E000172,P00098,I0142,CNS / analgesia,ophthalmic,2018-04-16,2019-01-28,287,1,0,2,562,30
E000173,P00099,I0062,Anti-infective,ophthalmic,2018-03-08,2018-06-13,97,1,0,0,,30
E000174,P00099,I0062,Anti-infective,ophthalmic,2019-02-18,2019-03-27,37,1,0,1,250,30
E000175,P00100,I0007,Anaesthesia,oral liquid,2017-06-07,2017-10-13,128,1,0,0,,30
E000176,P00100,I0007,Anaesthesia,oral liquid,2018-02-02,2018-10-16,256,1,0,1,112,30
E000177,P00100,I0007,Anaesthesia,oral liquid,2020-10-23,2020-11-30,38,1,0,2,738,30
E000178,P00101,I0006,Electrolytes / fluids,injection,2017-12-20,2018-03-25,95,1,0,0,,30
E000179,P00101,I0006,Electrolytes / fluids,injection,2019-01-12,2019-05-01,109,1,0,1,293,30
E000180,P00102,I0393,Cardiovascular,ophthalmic,2016-07-21,2016-08-31,41,1,0,0,,30
E000181,P00103,I0393,Cardiovascular,inhalation,2018-03-03,2018-06-30,119,1,0,0,,30
E000182,P00103,I0393,Cardiovascular,inhalation,2018-08-06,2018-10-29,84,1,0,1,37,30
E000183,P00103,I0393,Cardiovascular,inhalation,2019-02-01,2019-02-14,13,1,0,2,95,30
E000184,P00104,I0128,Anti-infective,oral liquid,2016-03-30,2016-04-19,20,1,0,0,,30
E000185,P00104,I0128,Anti-infective,oral liquid,2017-01-26,2017-04-04,68,1,0,1,282,30
E000186,P00105,I0226,Electrolytes / fluids,inhalation,2017-03-26,2017-07-18,114,1,0,0,,30
E000187,P00106,I0134,Anaesthesia,oral solid,2017-06-08,2017-07-12,34,1,0,0,,30
E000188,P00107,I0187,Cardiovascular,oral solid,2015-08-18,2015-12-02,106,1,0,0,,30
E000189,P00108,I0242,Cardiovascular,ophthalmic,2017-06-14,2017-09-20,98,1,0,0,,30
E000190,P00108,I0242,Cardiovascular,ophthalmic,2018-09-24,2019-02-17,146,1,0,1,369,30
E000191,P00109,I0128,Electrolytes / fluids,oral liquid,2018-01-24,2018-04-24,90,1,0,0,,30
E000192,P00109,I0128,Electrolytes / fluids,oral liquid,2019-11-02,2020-02-10,100,1,0,1,557,30
E000193,P00110,I0252,Anti-infective,oral liquid,2017-07-15,2017-08-26,42,1,0,0,,30
E000194,P00110,I0252,Anti-infective,oral liquid,2020-01-17,2020-04-07,81,1,0,1,874,30
E000195,P00111,I0257,Ophthalmic,inhalation,2016-05-03,2016-05-30,27,1,0,0,,30
E000196,P00112,I0107,Endocrine,ophthalmic,2016-01-24,2016-07-31,189,1,0,0,,30
E000197,P00113,I0324,Electrolytes / fluids,inhalation,2016-07-12,2017-03-27,258,1,0,0,,30
E000198,P00113,I0324,Electrolytes / fluids,inhalation,2018-07-21,2018-10-17,88,1,0,1,481,30
E000199,P00113,I0324,Electrolytes / fluids,inhalation,2019-06-11,2019-10-03,114,1,0,2,237,30
E000200,P00113,I0324,Electrolytes / fluids,inhalation,2021-01-15,2021-06-13,149,1,0,3,470,30
E000201,P00114,I0041,CNS / analgesia,injection,2015-05-05,2015-10-06,154,1,0,0,,30
E000202,P00114,I0041,CNS / analgesia,injection,2018-01-09,2018-04-02,83,1,0,1,826,30
E000203,P00115,I0189,CNS / analgesia,inhalation,2015-11-16,2016-01-18,63,1,0,0,,30
E000204,P00115,I0189,CNS / analgesia,inhalation,2016-11-21,2017-01-19,59,1,0,1,308,30
E000205,P00115,I0189,CNS / analgesia,inhalation,2018-04-01,2018-10-04,186,1,0,2,437,30
E000206,P00116,I0253,Electrolytes / fluids,ophthalmic,2017-02-04,2017-03-06,30,1,0,0,,30
E000207,P00116,I0253,Electrolytes / fluids,ophthalmic,2017-07-02,2017-11-07,128,1,0,1,118,30
E000208,P00117,I0339,Respiratory,ophthalmic,2015-05-12,2015-07-11,60,1,0,0,,30
E000209,P00117,I0339,Respiratory,ophthalmic,2017-12-21,2018-03-19,88,1,0,1,894,30
E000210,P00117,I0339,Respiratory,ophthalmic,2019-03-07,2019-05-22,76,1,0,2,353,30
E000211,P00117,I0339,Respiratory,ophthalmic,2020-01-10,2020-05-27,138,1,0,3,233,30
E000212,P00118,I0196,Respiratory,oral solid,2017-01-14,2017-04-17,93,1,0,0,,30
E000213,P00119,I0114,Oncology,oral solid,2016-05-05,2017-08-01,453,1,0,0,,30
E000214,P00119,I0114,Oncology,oral solid,2018-12-07,2019-10-03,300,1,0,1,493,30
E000215,P00120,I0096,Anti-infective,ophthalmic,2017-07-01,2017-07-27,26,1,0,0,,30
E000216,P00121,I0049,Anaesthesia,oral liquid,2017-06-02,2017-08-19,78,1,0,0,,30
E000217,P00122,I0258,Cardiovascular,injection,2018-02-26,2018-06-11,105,1,0,0,,30
E000218,P00122,I0258,Cardiovascular,injection,2019-02-07,2019-06-22,135,1,0,1,241,30
E000219,P00123,I0127,Cardiovascular,oral solid,2015-08-25,2015-11-21,88,1,0,0,,30
E000220,P00124,I0340,CNS / analgesia,inhalation,2016-10-19,2017-02-04,108,1,0,0,,30
E000221,P00124,I0340,CNS / analgesia,inhalation,2017-06-06,2017-11-23,170,1,0,1,122,30
E000222,P00124,I0340,CNS / analgesia,inhalation,2018-11-18,2019-05-02,165,1,0,2,360,30
E000223,P00124,I0340,CNS / analgesia,inhalation,2020-07-27,2020-11-01,97,1,0,3,452,30
E000224,P00125,I0045,CNS / analgesia,oral liquid,2016-01-30,2016-03-17,47,1,0,0,,30
E000225,P00125,I0045,CNS / analgesia,oral liquid,2017-02-23,2017-05-20,86,1,0,1,343,30
E000226,P00126,I0356,Immunologic,injection,2017-02-12,2017-04-05,52,1,0,0,,30
E000227,P00126,I0356,Immunologic,injection,2017-08-23,2017-10-10,48,1,0,1,140,30
E000228,P00126,I0356,Immunologic,injection,2019-05-07,2019-06-02,26,1,0,2,574,30
E000229,P00127,I0200,Electrolytes / fluids,oral liquid,2015-08-27,2015-11-25,90,1,0,0,,30
E000230,P00128,I0175,Cardiovascular,inhalation,2015-05-14,2015-07-13,60,1,0,0,,30
E000231,P00129,I0092,Anaesthesia,ophthalmic,2015-10-06,2016-01-11,97,1,0,0,,30
E000232,P00129,I0092,Anaesthesia,ophthalmic,2016-09-17,2016-11-23,67,1,0,1,250,30
E000233,P00130,I0092,Respiratory,inhalation,2016-06-13,2016-09-18,97,1,0,0,,30
E000234,P00131,I0074,CNS / analgesia,ophthalmic,2017-01-09,2017-02-16,38,1,0,0,,30
E000235,P00131,I0074,CNS / analgesia,ophthalmic,2019-03-22,2019-08-24,155,1,0,1,764,30
E000236,P00132,I0363,Endocrine,oral solid,2015-04-04,2015-07-01,88,1,0,0,,30
E000237,P00133,I0206,Anti-infective,ophthalmic,2016-07-22,2016-09-13,53,1,0,0,,30
E000238,P00133,I0206,Anti-infective,ophthalmic,2017-01-10,2017-02-09,30,1,0,1,119,30
E000239,P00133,I0206,Anti-infective,ophthalmic,2018-03-02,2018-03-29,27,1,0,2,386,30
E000240,P00134,I0415,Electrolytes / fluids,oral liquid,2015-03-24,2015-04-27,34,1,0,0,,30
E000241,P00134,I0415,Electrolytes / fluids,oral liquid,2016-12-28,2017-02-28,62,1,0,1,611,30
E000242,P00135,I0281,Oncology,oral liquid,2018-01-13,2018-03-24,70,1,0,0,,30
E000243,P00136,I0150,Anti-infective,injection,2017-10-31,2017-12-14,44,1,0,0,,30
E000244,P00137,I0230,Anaesthesia,oral solid,2016-05-04,2016-09-06,125,1,0,0,,30
E000245,P00137,I0230,Anaesthesia,oral solid,2017-08-02,2017-11-03,93,1,0,1,330,30
E000246,P00138,I0358,Electrolytes / fluids,ophthalmic,2017-09-02,2017-10-16,44,1,0,0,,30
E000247,P00139,I0378,Cardiovascular,ophthalmic,2017-01-06,2017-02-11,36,1,0,0,,30
E000248,P00139,I0378,Cardiovascular,ophthalmic,2017-07-14,2017-12-18,157,1,0,1,153,30
E000249,P00140,I0339,Anti-infective,oral solid,2015-11-28,2016-06-19,204,1,0,0,,30
E000250,P00140,I0339,Anti-infective,oral solid,2018-10-01,2018-10-21,20,1,0,1,834,30
E000251,P00141,I0326,Cardiovascular,injection,2015-03-03,2015-08-14,164,1,0,0,,30
E000252,P00141,I0326,Cardiovascular,injection,2017-07-14,2017-12-21,160,1,0,1,700,30
E000253,P00141,I0326,Cardiovascular,injection,2020-05-20,2020-07-25,66,1,0,2,881,30
E000254,P00141,I0326,Cardiovascular,injection,2021-06-09,2022-01-11,216,1,0,3,319,30
E000255,P00142,I0337,Anti-infective,injection,2015-12-21,2016-02-03,44,1,0,0,,30
E000256,P00142,I0337,Anti-infective,injection,2016-11-23,2017-03-19,116,1,0,1,294,30
E000257,P00142,I0337,Anti-infective,injection,2019-08-07,2020-07-19,347,1,0,2,871,30
E000258,P00142,I0337,Anti-infective,injection,2021-10-22,2022-01-16,86,1,0,3,460,30
E000259,P00143,I0366,Anti-infective,ophthalmic,2017-11-04,2017-12-11,37,1,0,0,,30
E000260,P00143,I0366,Anti-infective,ophthalmic,2020-03-06,2020-08-02,149,1,0,1,816,30
E000261,P00143,I0366,Anti-infective,ophthalmic,2021-01-27,2021-05-05,98,1,0,2,178,30
E000262,P00144,I0212,Anti-infective,oral liquid,2015-08-30,2015-09-22,23,1,0,0,,30
E000263,P00144,I0212,Anti-infective,oral liquid,2017-09-22,2018-06-18,269,1,0,1,731,30
E000264,P00144,I0212,Anti-infective,oral liquid,2020-10-07,2021-02-11,127,1,0,2,842,30
E000265,P00145,I0117,CNS / analgesia,injection,2017-03-26,2017-04-17,22,1,0,0,,30
E000266,P00145,I0117,CNS / analgesia,injection,2019-01-31,2019-05-18,107,1,0,1,654,30
E000267,P00146,I0104,Anti-infective,injection,2017-07-24,2017-11-13,112,1,0,0,,30
E000268,P00146,I0104,Anti-infective,injection,2019-03-23,2019-05-13,51,1,0,1,495,30
E000269,P00147,I0268,CNS / analgesia,oral liquid,2015-03-08,2015-05-14,67,1,0,0,,30
E000270,P00147,I0268,CNS / analgesia,oral liquid,2015-09-28,2015-10-14,16,1,0,1,137,30
E000271,P00147,I0268,CNS / analgesia,oral liquid,2017-05-25,2017-07-04,40,1,0,2,589,30
E000272,P00148,I0209,Cardiovascular,oral solid,2017-10-06,2017-12-03,58,1,0,0,,30
E000273,P00148,I0209,Cardiovascular,oral solid,2018-03-02,2018-03-27,25,1,0,1,89,30
E000274,P00148,I0209,Cardiovascular,oral solid,2018-12-22,2019-03-07,75,1,0,2,270,30
E000275,P00148,I0209,Cardiovascular,oral solid,2019-04-16,2019-09-12,149,1,0,3,40,30
E000276,P00148,I0209,Cardiovascular,oral solid,2021-09-28,2021-11-11,44,1,0,4,747,30
E000277,P00149,I0423,Oncology,oral solid,2016-04-14,2016-09-01,140,1,0,0,,30
E000278,P00149,I0423,Oncology,oral solid,2018-04-27,2018-07-05,69,1,0,1,603,30
E000279,P00150,I0016,Electrolytes / fluids,inhalation,2017-09-19,2018-02-06,140,1,0,0,,30
E000280,P00151,I0066,Anaesthesia,ophthalmic,2015-03-05,2016-04-20,412,1,0,0,,30
E000281,P00152,I0123,Endocrine,inhalation,2017-02-18,2017-09-02,196,1,0,0,,30
E000282,P00152,I0123,Endocrine,inhalation,2019-07-19,2019-11-25,129,1,0,1,685,30
E000283,P00153,I0326,Electrolytes / fluids,injection,2016-04-29,2016-07-07,69,1,0,0,,30
E000284,P00153,I0326,Electrolytes / fluids,injection,2016-12-25,2017-01-30,36,1,0,1,171,30
E000285,P00154,I0389,Immunologic,oral solid,2017-03-21,2017-05-05,45,1,0,0,,30
E000286,P00155,I0336,Anti-infective,oral liquid,2015-06-24,2015-08-21,58,1,0,0,,30
E000287,P00155,I0336,Anti-infective,oral liquid,2016-05-12,2016-08-16,96,1,0,1,265,30
E000288,P00155,I0336,Anti-infective,oral liquid,2017-06-13,2017-10-04,113,1,0,2,301,30
E000289,P00156,I0080,Endocrine,oral liquid,2015-04-22,2015-08-14,114,1,0,0,,30
E000290,P00156,I0080,Endocrine,oral liquid,2017-05-31,2017-07-12,42,1,0,1,656,30
E000291,P00156,I0080,Endocrine,oral liquid,2018-01-30,2018-04-21,81,1,0,2,202,30
E000292,P00157,I0116,Cardiovascular,ophthalmic,2017-07-22,2017-12-25,156,1,0,0,,30
E000293,P00157,I0116,Cardiovascular,ophthalmic,2019-08-22,2019-10-08,47,1,0,1,605,30
E000294,P00158,I0107,CNS / analgesia,oral liquid,2015-05-23,2015-08-10,79,1,0,0,,30
E000295,P00159,I0229,Anti-infective,injection,2017-07-08,2017-09-24,78,1,0,0,,30
E000296,P00159,I0229,Anti-infective,injection,2019-01-09,2019-02-25,47,1,0,1,472,30
E000297,P00160,I0186,Respiratory,injection,2016-08-25,2016-11-06,73,1,0,0,,30
E000298,P00161,I0156,Anti-infective,oral liquid,2017-05-16,2017-06-30,45,1,0,0,,30
E000299,P00161,I0156,Anti-infective,oral liquid,2018-04-26,2019-02-14,294,1,0,1,300,30
E000300,P00161,I0156,Anti-infective,oral liquid,2019-05-21,2019-07-10,50,1,0,2,96,30
E000301,P00161,I0156,Anti-infective,oral liquid,2021-03-21,2021-07-18,119,1,0,3,620,30
E000302,P00161,I0156,Anti-infective,oral liquid,2023-08-19,2023-09-21,33,1,0,4,762,30
E000303,P00162,I0277,Oncology,oral solid,2017-11-22,2018-01-26,65,1,0,0,,30
E000304,P00163,I0178,Cardiovascular,oral solid,2017-09-05,2018-01-17,134,1,0,0,,30
E000305,P00163,I0178,Cardiovascular,oral solid,2019-09-26,2019-10-21,25,1,0,1,617,30
E000306,P00163,I0178,Cardiovascular,oral solid,2020-05-29,2020-08-22,85,1,0,2,221,30
E000307,P00164,I0133,Electrolytes / fluids,oral solid,2016-06-26,2016-12-12,169,1,0,0,,30
E000308,P00165,I0358,Cardiovascular,oral solid,2017-02-15,2017-03-16,29,1,0,0,,30
E000309,P00165,I0358,Cardiovascular,oral solid,2018-10-26,2019-02-28,125,1,0,1,589,30
E000310,P00165,I0358,Cardiovascular,oral solid,2020-06-16,2020-08-24,69,1,0,2,474,30
E000311,P00166,I0386,Cardiovascular,inhalation,2015-06-24,2015-08-15,52,1,0,0,,30
E000312,P00167,I0060,Anaesthesia,injection,2015-10-27,2015-12-27,61,1,0,0,,30
E000313,P00168,I0070,Cardiovascular,oral solid,2016-07-11,2016-12-23,165,1,0,0,,30
E000314,P00169,I0377,CNS / analgesia,injection,2015-04-28,2015-07-29,92,1,0,0,,30
E000315,P00169,I0377,CNS / analgesia,injection,2015-11-24,2016-01-12,49,1,0,1,118,30
E000316,P00169,I0377,CNS / analgesia,injection,2018-01-17,2018-11-02,289,1,0,2,736,30
E000317,P00169,I0377,CNS / analgesia,injection,2019-09-09,2020-03-15,188,1,0,3,311,30
E000318,P00170,I0156,Cardiovascular,oral solid,2016-08-03,2016-11-25,114,1,0,0,,30
E000319,P00171,I0168,Cardiovascular,inhalation,2017-03-03,2017-10-08,219,1,0,0,,30
E000320,P00172,I0207,Immunologic,oral solid,2017-01-09,2017-02-04,26,1,0,0,,30
E000321,P00172,I0207,Immunologic,oral solid,2018-02-23,2018-04-09,45,1,0,1,384,30
E000322,P00172,I0207,Immunologic,oral solid,2019-03-01,2019-08-09,161,1,0,2,326,30
E000323,P00173,I0070,Cardiovascular,oral liquid,2015-07-20,2015-10-10,82,1,0,0,,30
E000324,P00173,I0070,Cardiovascular,oral liquid,2016-01-07,2016-07-05,180,1,0,1,89,30
E000325,P00173,I0070,Cardiovascular,oral liquid,2017-09-03,2017-12-16,104,1,0,2,425,30
E000326,P00173,I0070,Cardiovascular,oral liquid,2018-08-24,2018-11-07,75,1,0,3,251,30
E000327,P00173,I0070,Cardiovascular,oral liquid,2021-03-14,2021-08-08,147,1,0,4,858,30
E000328,P00174,I0383,Electrolytes / fluids,oral liquid,2018-03-31,2019-03-09,343,1,0,0,,30
E000329,P00174,I0383,Electrolytes / fluids,oral liquid,2021-02-08,2021-03-11,31,1,0,1,702,30
E000330,P00175,I0378,Anti-infective,inhalation,2016-03-27,2016-09-05,162,1,0,0,,30
E000331,P00176,I0209,Oncology,oral liquid,2015-04-10,2015-12-04,238,1,0,0,,30
E000332,P00176,I0209,Oncology,oral liquid,2016-01-16,2016-08-18,215,1,0,1,43,30
E000333,P00177,I0148,Endocrine,oral liquid,2015-10-15,2015-11-22,38,1,0,0,,30
E000334,P00178,I0097,CNS / analgesia,oral solid,2015-10-29,2016-01-26,89,1,0,0,,30
E000335,P00178,I0097,CNS / analgesia,oral solid,2018-01-26,2018-05-13,107,1,0,1,731,30
E000336,P00178,I0097,CNS / analgesia,oral solid,2019-05-30,2019-07-17,48,1,0,2,382,30
E000337,P00179,I0287,Endocrine,ophthalmic,2017-10-07,2017-12-25,79,1,0,0,,30
E000338,P00179,I0287,Endocrine,ophthalmic,2019-06-28,2019-09-04,68,1,0,1,550,30
E000339,P00180,I0221,Ophthalmic,inhalation,2016-04-19,2016-07-13,85,1,0,0,,30
E000340,P00181,I0408,Oncology,injection,2017-11-17,2018-06-10,205,1,0,0,,30
E000341,P00182,I0010,Oncology,inhalation,2015-10-01,2016-09-21,356,1,0,0,,30
E000342,P00182,I0010,Oncology,inhalation,2016-12-25,2019-08-31,979,1,0,1,95,30
E000343,P00182,I0010,Oncology,inhalation,2022-02-12,2022-05-14,91,1,0,2,896,30
E000344,P00183,I0191,Cardiovascular,oral liquid,2017-09-10,2017-10-21,41,1,0,0,,30
E000345,P00183,I0191,Cardiovascular,oral liquid,2019-12-20,2020-02-21,63,1,0,1,790,30
E000346,P00184,I0060,Oncology,oral solid,2015-06-13,2015-12-31,201,1,0,0,,30
E000347,P00184,I0060,Oncology,oral solid,2016-12-17,2017-04-23,127,1,0,1,352,30
E000348,P00185,I0268,Anti-infective,ophthalmic,2016-10-09,2016-11-22,44,1,0,0,,30
E000349,P00185,I0268,Anti-infective,ophthalmic,2017-11-27,2017-12-16,19,1,0,1,370,30
E000350,P00186,I0048,Cardiovascular,oral solid,2016-11-21,2017-01-23,63,1,0,0,,30
E000351,P00187,I0078,CNS / analgesia,oral liquid,2015-01-07,2015-11-01,298,1,0,0,,30
E000352,P00187,I0078,CNS / analgesia,oral liquid,2018-02-28,2018-06-19,111,1,0,1,850,30
E000353,P00187,I0078,CNS / analgesia,oral liquid,2020-10-11,2020-11-22,42,1,0,2,845,30
E000354,P00188,I0115,Anaesthesia,oral liquid,2017-12-01,2018-03-18,107,1,0,0,,30
E000355,P00189,I0072,Cardiovascular,ophthalmic,2016-03-22,2016-06-09,79,1,0,0,,30
E000356,P00189,I0072,Cardiovascular,ophthalmic,2016-10-02,2018-10-19,747,1,0,1,115,30
E000357,P00190,I0187,Cardiovascular,oral liquid,2015-10-02,2015-12-27,86,1,0,0,,30
E000358,P00191,I0102,Anaesthesia,oral solid,2015-10-16,2016-02-26,133,1,0,0,,30
E000359,P00192,I0098,Anaesthesia,oral liquid,2017-01-17,2017-11-06,293,1,0,0,,30
E000360,P00192,I0098,Anaesthesia,oral liquid,2019-05-21,2019-12-03,196,1,0,1,561,30
E000361,P00193,I0283,Anti-infective,oral solid,2016-04-09,2016-05-07,28,1,0,0,,30
E000362,P00193,I0283,Anti-infective,oral solid,2017-12-03,2018-04-04,122,1,0,1,575,30
E000363,P00193,I0283,Anti-infective,oral solid,2018-10-06,2018-11-22,47,1,0,2,185,30
E000364,P00193,I0283,Anti-infective,oral solid,2019-09-30,2019-11-16,47,1,0,3,312,30
E000365,P00194,I0190,Anti-infective,inhalation,2017-04-16,2017-06-02,47,1,0,0,,30
E000366,P00195,I0339,Anti-infective,oral solid,2017-10-22,2017-12-01,40,1,0,0,,30
E000367,P00196,I0081,Anti-infective,oral liquid,2018-04-02,2018-05-12,40,1,0,0,,30
E000368,P00196,I0081,Anti-infective,oral liquid,2019-04-01,2019-05-29,58,1,0,1,324,30
E000369,P00197,I0358,Cardiovascular,oral liquid,2017-02-14,2017-06-24,130,1,0,0,,30
E000370,P00197,I0358,Cardiovascular,oral liquid,2017-09-23,2017-11-07,45,1,0,1,91,30
E000371,P00197,I0358,Cardiovascular,oral liquid,2018-08-24,2018-11-10,78,1,0,2,290,30
E000372,P00197,I0358,Cardiovascular,oral liquid,2019-03-17,2019-07-13,118,1,0,3,127,30
E000373,P00197,I0358,Cardiovascular,oral liquid,2020-05-07,2020-09-20,136,1,0,4,299,30
E000374,P00198,I0224,Electrolytes / fluids,oral solid,2018-04-05,2018-04-24,19,1,0,0,,30
E000375,P00198,I0224,Electrolytes / fluids,oral solid,2019-02-19,2019-06-18,119,1,0,1,301,30
E000376,P00199,I0054,Oncology,oral solid,2016-06-08,2016-06-27,19,1,0,0,,30
E000377,P00199,I0054,Oncology,oral solid,2018-08-04,2019-04-22,261,1,0,1,768,30
E000378,P00200,I0384,Anaesthesia,injection,2015-09-09,2015-10-17,38,1,0,0,,30
E000379,P00200,I0384,Anaesthesia,injection,2018-01-30,2018-04-20,80,1,0,1,836,30
E000380,P00200,I0384,Anaesthesia,injection,2020-02-21,2020-10-09,231,1,0,2,672,30
E000381,P00200,I0384,Anaesthesia,injection,2021-11-25,2022-08-21,269,1,0,3,412,30
E000382,P00201,I0176,Anaesthesia,inhalation,2016-07-29,2016-10-05,68,1,0,0,,30
E000383,P00201,I0176,Anaesthesia,inhalation,2018-08-28,2018-09-24,27,1,0,1,692,30
E000384,P00201,I0176,Anaesthesia,inhalation,2020-12-24,2021-03-17,83,1,0,2,822,30
E000385,P00202,I0024,Anaesthesia,oral solid,2015-04-21,2015-05-17,26,1,0,0,,30
E000386,P00202,I0024,Anaesthesia,oral solid,2017-02-01,2017-03-28,55,1,0,1,626,30
E000387,P00203,I0200,Cardiovascular,inhalation,2018-02-19,2018-04-04,44,1,0,0,,30
E000388,P00204,I0317,Oncology,ophthalmic,2015-05-05,2015-07-09,65,1,0,0,,30
E000389,P00204,I0317,Oncology,ophthalmic,2015-11-21,2016-04-28,159,1,0,1,135,30
E000390,P00205,I0008,Electrolytes / fluids,injection,2016-01-30,2016-05-28,119,1,0,0,,30
E000391,P00205,I0008,Electrolytes / fluids,injection,2017-12-26,2018-03-31,95,1,0,1,577,30
E000392,P00206,I0373,Respiratory,ophthalmic,2015-11-22,2016-01-20,59,1,0,0,,30
E000393,P00207,I0239,Immunologic,oral liquid,2016-12-14,2017-03-04,80,1,0,0,,30
E000394,P00207,I0239,Immunologic,oral liquid,2017-06-26,2017-12-29,186,1,0,1,114,30
E000395,P00207,I0239,Immunologic,oral liquid,2018-05-12,2018-06-18,37,1,0,2,134,30
E000396,P00208,I0101,Anaesthesia,oral solid,2016-09-27,2016-12-09,73,1,0,0,,30
E000397,P00209,I0193,Endocrine,ophthalmic,2015-03-22,2015-04-27,36,1,0,0,,30
E000398,P00209,I0193,Endocrine,ophthalmic,2015-12-17,2016-02-07,52,1,0,1,234,30
E000399,P00209,I0193,Endocrine,ophthalmic,2016-10-01,2016-10-23,22,1,0,2,237,30
E000400,P00210,I0016,Respiratory,ophthalmic,2015-01-21,2015-02-13,23,1,0,0,,30
E000401,P00211,I0405,Endocrine,oral liquid,2015-01-31,2015-04-26,85,1,0,0,,30
E000402,P00212,I0059,Electrolytes / fluids,injection,2016-03-02,2017-07-10,495,1,0,0,,30
E000403,P00212,I0059,Electrolytes / fluids,injection,2018-03-03,2018-06-28,117,1,0,1,236,30
E000404,P00213,I0267,Endocrine,inhalation,2016-12-05,2016-12-16,11,1,0,0,,30
E000405,P00214,I0302,Anaesthesia,oral solid,2016-05-22,2016-11-02,164,1,0,0,,30
E000406,P00214,I0302,Anaesthesia,oral solid,2018-09-18,2018-10-19,31,1,0,1,685,30
E000407,P00215,I0342,Anti-infective,injection,2016-11-16,2016-12-08,22,1,0,0,,30
E000408,P00215,I0342,Anti-infective,injection,2017-10-10,2017-10-29,19,1,0,1,306,30
E000409,P00216,I0001,Endocrine,inhalation,2017-10-15,2017-12-18,64,1,0,0,,30
E000410,P00216,I0001,Endocrine,inhalation,2018-01-27,2018-08-13,198,1,0,1,40,30
E000411,P00217,I0096,Anti-infective,injection,2016-11-26,2017-07-30,246,1,0,0,,30
E000412,P00217,I0096,Anti-infective,injection,2019-07-10,2019-09-05,57,1,0,1,710,30
E000413,P00218,I0048,Immunologic,oral solid,2016-07-29,2016-09-19,52,1,0,0,,30
E000414,P00219,I0251,Electrolytes / fluids,injection,2017-12-09,2018-04-25,137,1,0,0,,30
E000415,P00219,I0251,Electrolytes / fluids,injection,2019-05-30,2019-09-22,115,1,0,1,400,30
E000416,P00219,I0251,Electrolytes / fluids,injection,2021-06-01,2021-11-04,156,1,0,2,618,30
E000417,P00219,I0251,Electrolytes / fluids,injection,2024-03-21,2024-06-08,79,1,0,3,868,30
E000418,P00220,I0296,CNS / analgesia,injection,2018-01-02,2018-03-28,85,1,0,0,,30
E000419,P00220,I0296,CNS / analgesia,injection,2020-01-17,2020-03-02,45,1,0,1,660,30
E000420,P00221,I0249,CNS / analgesia,ophthalmic,2015-09-29,2015-12-08,70,1,0,0,,30
E000421,P00221,I0249,CNS / analgesia,ophthalmic,2018-05-18,2018-07-06,49,1,0,1,892,30
E000422,P00222,I0106,Cardiovascular,oral solid,2015-04-06,2015-06-26,81,1,0,0,,30
E000423,P00222,I0106,Cardiovascular,oral solid,2016-01-20,2016-05-17,118,1,0,1,208,30
E000424,P00223,I0042,CNS / analgesia,injection,2017-10-12,2017-11-09,28,1,0,0,,30
E000425,P00224,I0125,Cardiovascular,inhalation,2017-02-25,2017-04-18,52,1,0,0,,30
E000426,P00225,I0057,Oncology,oral solid,2016-10-02,2017-04-27,207,1,0,0,,30
E000427,P00225,I0057,Oncology,oral solid,2019-01-26,2019-11-02,280,1,0,1,639,30
E000428,P00225,I0057,Oncology,oral solid,2021-11-29,2022-06-12,195,1,0,2,758,30
E000429,P00225,I0057,Oncology,oral solid,2024-08-09,2024-09-08,30,1,0,3,789,30
E000430,P00226,I0061,Anaesthesia,injection,2016-06-20,2016-08-14,55,1,0,0,,30
E000431,P00226,I0061,Anaesthesia,injection,2018-08-24,2019-02-08,168,1,0,1,740,30
E000432,P00226,I0061,Anaesthesia,injection,2020-02-04,2020-05-08,94,1,0,2,361,30
E000433,P00226,I0061,Anaesthesia,injection,2021-07-03,2021-10-15,104,1,0,3,421,30
E000434,P00227,I0107,Immunologic,ophthalmic,2016-03-18,2016-05-15,58,1,0,0,,30
E000435,P00228,I0388,Ophthalmic,oral liquid,2016-12-18,2017-04-21,124,1,0,0,,30
E000436,P00228,I0388,Ophthalmic,oral liquid,2019-09-15,2019-10-26,41,1,0,1,877,30
E000437,P00228,I0388,Ophthalmic,oral liquid,2020-03-06,2020-12-11,280,1,0,2,132,30
E000438,P00228,I0388,Ophthalmic,oral liquid,2022-09-07,2022-11-10,64,1,0,3,635,30
E000439,P00229,I0090,Electrolytes / fluids,oral liquid,2016-06-02,2016-07-29,57,1,0,0,,30
E000440,P00229,I0090,Electrolytes / fluids,oral liquid,2016-09-30,2016-11-20,51,1,0,1,63,30
E000441,P00229,I0090,Electrolytes / fluids,oral liquid,2018-05-28,2018-09-15,110,1,0,2,554,30
E000442,P00229,I0090,Electrolytes / fluids,oral liquid,2020-10-29,2021-01-06,69,1,0,3,775,30
E000443,P00230,I0340,Anaesthesia,oral solid,2016-06-03,2017-11-09,524,1,0,0,,30
E000444,P00230,I0340,Anaesthesia,oral solid,2020-03-18,2020-07-21,125,1,0,1,860,30
E000445,P00231,I0287,Anti-infective,inhalation,2017-11-16,2018-01-30,75,1,0,0,,30
E000446,P00231,I0287,Anti-infective,inhalation,2018-06-08,2018-07-21,43,1,0,1,129,30
E000447,P00232,I0218,Electrolytes / fluids,injection,2015-04-29,2015-11-21,206,1,0,0,,30
E000448,P00233,I0038,Anaesthesia,ophthalmic,2016-01-09,2016-02-05,27,1,0,0,,30
E000449,P00233,I0038,Anaesthesia,ophthalmic,2016-05-25,2016-06-20,26,1,0,1,110,30
E000450,P00233,I0038,Anaesthesia,ophthalmic,2016-09-13,2017-02-04,144,1,0,2,85,30
E000451,P00233,I0038,Anaesthesia,ophthalmic,2017-11-18,2018-04-14,147,1,0,3,287,30
E000452,P00234,I0091,Anti-infective,inhalation,2017-08-22,2017-10-24,63,1,0,0,,30
E000453,P00234,I0091,Anti-infective,inhalation,2019-10-14,2020-06-15,245,1,0,1,720,30
E000454,P00235,I0133,Cardiovascular,oral liquid,2016-01-26,2016-04-14,79,1,0,0,,30
E000455,P00235,I0133,Cardiovascular,oral liquid,2018-05-19,2018-08-01,74,1,0,1,765,30
E000456,P00235,I0133,Cardiovascular,oral liquid,2019-02-15,2019-06-27,132,1,0,2,198,30
E000457,P00236,I0198,Cardiovascular,injection,2016-07-28,2016-10-21,85,1,0,0,,30
E000458,P00236,I0198,Cardiovascular,injection,2018-12-31,2019-03-12,71,1,0,1,801,30
E000459,P00237,I0110,Endocrine,oral liquid,2015-08-15,2016-08-05,356,1,0,0,,30
E000460,P00238,I0112,Endocrine,ophthalmic,2017-03-22,2017-04-18,27,1,0,0,,30
E000461,P00238,I0112,Endocrine,ophthalmic,2018-11-22,2018-12-22,30,1,0,1,583,30
E000462,P00238,I0112,Endocrine,ophthalmic,2019-03-25,2019-09-03,162,1,0,2,93,30
E000463,P00238,I0112,Endocrine,ophthalmic,2020-01-15,2020-02-13,29,1,0,3,134,30
E000464,P00238,I0112,Endocrine,ophthalmic,2022-01-29,2022-03-07,37,1,0,4,716,30
E000465,P00239,I0416,Cardiovascular,inhalation,2016-11-13,2017-02-11,90,1,0,0,,30
E000466,P00239,I0416,Cardiovascular,inhalation,2018-11-23,2019-01-25,63,1,0,1,650,30
E000467,P00240,I0224,Cardiovascular,inhalation,2015-05-16,2015-06-21,36,1,0,0,,30
E000468,P00241,I0062,Endocrine,oral solid,2015-04-08,2015-05-13,35,1,0,0,,30
E000469,P00242,I0306,Electrolytes / fluids,oral liquid,2017-11-03,2018-01-31,89,1,0,0,,30
E000470,P00242,I0306,Electrolytes / fluids,oral liquid,2019-10-23,2019-11-24,32,1,0,1,630,30
E000471,P00243,I0185,Electrolytes / fluids,ophthalmic,2015-09-23,2016-01-04,103,1,0,0,,30
E000472,P00244,I0399,Endocrine,oral liquid,2016-02-22,2016-08-15,175,1,0,0,,30
E000473,P00244,I0399,Endocrine,oral liquid,2017-09-16,2018-01-22,128,1,0,1,397,30
E000474,P00245,I0296,Ophthalmic,ophthalmic,2015-11-04,2015-11-30,26,1,0,0,,30
E000475,P00246,I0340,Oncology,ophthalmic,2017-04-27,2017-12-03,220,1,0,0,,30
E000476,P00247,I0400,Immunologic,oral liquid,2017-04-04,2017-05-01,27,1,0,0,,30
E000477,P00247,I0400,Immunologic,oral liquid,2019-07-27,2019-09-17,52,1,0,1,817,30
E000478,P00247,I0400,Immunologic,oral liquid,2020-11-07,2021-04-05,149,1,0,2,417,30
E000479,P00247,I0400,Immunologic,oral liquid,2022-06-08,2023-03-31,296,1,0,3,429,30
E000480,P00248,I0060,Immunologic,inhalation,2017-06-30,2018-02-04,219,1,0,0,,30
E000481,P00248,I0060,Immunologic,inhalation,2019-07-31,2019-09-26,57,1,0,1,542,30
E000482,P00249,I0230,Cardiovascular,injection,2016-08-08,2017-06-02,298,1,0,0,,30
E000483,P00249,I0230,Cardiovascular,injection,2017-09-19,2018-04-04,197,1,0,1,109,30
E000484,P00249,I0230,Cardiovascular,injection,2020-03-25,2020-07-02,99,1,0,2,721,30
E000485,P00250,I0180,CNS / analgesia,inhalation,2017-02-04,2017-05-08,93,1,0,0,,30
E000486,P00250,I0180,CNS / analgesia,inhalation,2019-08-14,2019-09-21,38,1,0,1,828,30
E000487,P00251,I0132,Cardiovascular,injection,2016-06-10,2016-07-16,36,1,0,0,,30
E000488,P00251,I0132,Cardiovascular,injection,2017-10-13,2018-02-22,132,1,0,1,454,30
E000489,P00252,I0354,Cardiovascular,ophthalmic,2016-08-07,2016-10-10,64,1,0,0,,30
E000490,P00253,I0429,Electrolytes / fluids,oral solid,2017-07-16,2017-12-28,165,1,0,0,,30
E000491,P00254,I0242,Cardiovascular,oral liquid,2015-08-03,2015-12-05,124,1,0,0,,30
E000492,P00255,I0041,Oncology,inhalation,2015-05-21,2015-06-14,24,1,0,0,,30
E000493,P00256,I0189,Endocrine,ophthalmic,2018-02-24,2018-04-05,40,1,0,0,,30
E000494,P00257,I0041,Endocrine,injection,2015-02-18,2015-04-07,48,1,0,0,,30
E000495,P00257,I0041,Endocrine,injection,2017-09-11,2018-07-26,318,1,0,1,888,30
E000496,P00257,I0041,Endocrine,injection,2018-10-05,2018-11-01,27,1,0,2,71,30
E000497,P00258,I0333,Anti-infective,injection,2016-12-03,2017-01-29,57,1,0,0,,30
E000498,P00258,I0333,Anti-infective,injection,2019-01-05,2019-01-25,20,1,0,1,706,30
E000499,P00259,I0055,CNS / analgesia,injection,2017-12-17,2019-08-03,594,1,0,0,,30
E000500,P00260,I0237,Endocrine,oral solid,2016-06-03,2016-07-19,46,1,0,0,,30
E000501,P00260,I0237,Endocrine,oral solid,2019-01-03,2019-02-10,38,1,0,1,898,30
E000502,P00260,I0237,Endocrine,oral solid,2021-02-08,2021-05-29,110,1,0,2,729,30
E000503,P00260,I0237,Endocrine,oral solid,2023-02-17,2023-03-28,39,1,0,3,629,30
E000504,P00261,I0151,Anaesthesia,oral liquid,2016-02-18,2016-04-08,50,1,0,0,,30
E000505,P00262,I0325,CNS / analgesia,inhalation,2017-12-21,2018-01-30,40,1,0,0,,30
E000506,P00262,I0325,CNS / analgesia,inhalation,2019-02-19,2019-05-06,76,1,0,1,385,30
E000507,P00262,I0325,CNS / analgesia,inhalation,2020-10-30,2021-03-21,142,1,0,2,543,30
E000508,P00262,I0325,CNS / analgesia,inhalation,2022-01-04,2022-03-22,77,1,0,3,289,30
E000509,P00263,I0304,Oncology,injection,2015-06-26,2015-12-28,185,1,0,0,,30
E000510,P00263,I0304,Oncology,injection,2016-07-18,2016-11-09,114,1,0,1,203,30
E000511,P00263,I0304,Oncology,injection,2017-08-10,2017-10-15,66,1,0,2,274,30
E000512,P00264,I0200,CNS / analgesia,oral liquid,2018-03-13,2018-04-30,48,1,0,0,,30
E000513,P00265,I0213,Cardiovascular,inhalation,2017-10-06,2017-10-28,22,1,0,0,,30
E000514,P00265,I0213,Cardiovascular,inhalation,2018-01-18,2018-03-06,47,1,0,1,82,30
E000515,P00265,I0213,Cardiovascular,inhalation,2018-10-16,2018-12-05,50,1,0,2,224,30
E000516,P00265,I0213,Cardiovascular,inhalation,2019-06-06,2019-08-05,60,1,0,3,183,30
E000517,P00266,I0164,Oncology,inhalation,2018-01-26,2019-04-27,456,1,0,0,,30
E000518,P00267,I0410,Endocrine,oral solid,2017-10-20,2017-11-09,20,1,0,0,,30
E000519,P00268,I0424,Endocrine,ophthalmic,2017-10-18,2017-11-13,26,1,0,0,,30
E000520,P00268,I0424,Endocrine,ophthalmic,2018-10-13,2018-11-01,19,1,0,1,334,30
E000521,P00269,I0340,Anaesthesia,ophthalmic,2016-10-27,2017-02-11,107,1,0,0,,30
E000522,P00269,I0340,Anaesthesia,ophthalmic,2019-02-08,2019-05-28,109,1,0,1,727,30
E000523,P00270,I0104,Anaesthesia,oral solid,2015-12-28,2016-08-27,243,1,0,0,,30
E000524,P00270,I0104,Anaesthesia,oral solid,2016-12-07,2017-02-13,68,1,0,1,102,30
E000525,P00271,I0424,Respiratory,ophthalmic,2017-09-29,2017-12-30,92,1,0,0,,30
E000526,P00272,I0429,Anti-infective,inhalation,2016-03-23,2016-07-25,124,1,0,0,,30
E000527,P00273,I0016,Anaesthesia,oral liquid,2016-05-18,2017-04-28,345,1,0,0,,30
E000528,P00273,I0016,Anaesthesia,oral liquid,2017-05-31,2017-08-11,72,1,0,1,33,30
E000529,P00274,I0242,Electrolytes / fluids,injection,2015-08-02,2016-10-02,427,1,0,0,,30
E000530,P00274,I0242,Electrolytes / fluids,injection,2018-08-18,2019-02-16,182,1,0,1,685,30
E000531,P00275,I0195,Electrolytes / fluids,inhalation,2015-09-13,2015-10-05,22,1,0,0,,30
E000532,P00276,I0280,Ophthalmic,ophthalmic,2016-03-03,2016-12-06,278,1,0,0,,30
E000533,P00276,I0280,Ophthalmic,ophthalmic,2018-10-08,2018-11-15,38,1,0,1,671,30
E000534,P00276,I0280,Ophthalmic,ophthalmic,2019-06-02,2019-08-02,61,1,0,2,199,30
E000535,P00277,I0013,Oncology,oral solid,2016-09-08,2016-11-04,57,1,0,0,,30
E000536,P00277,I0013,Oncology,oral solid,2017-02-21,2018-09-02,558,1,0,1,109,30
E000537,P00278,I0061,Cardiovascular,oral liquid,2015-07-11,2015-07-22,11,1,0,0,,30
E000538,P00278,I0061,Cardiovascular,oral liquid,2016-02-20,2016-05-20,90,1,0,1,213,30
E000539,P00279,I0099,Anti-infective,injection,2017-06-30,2017-10-22,114,1,0,0,,30
E000540,P00279,I0099,Anti-infective,injection,2018-05-23,2018-07-18,56,1,0,1,213,30
E000541,P00280,I0082,Anti-infective,inhalation,2015-10-05,2015-12-31,87,1,0,0,,30
E000542,P00281,I0410,Cardiovascular,ophthalmic,2017-01-19,2017-12-09,324,1,0,0,,30
E000543,P00281,I0410,Cardiovascular,ophthalmic,2019-11-23,2020-03-29,127,1,0,1,714,30
E000544,P00281,I0410,Cardiovascular,ophthalmic,2020-09-21,2020-10-31,40,1,0,2,176,30
E000545,P00281,I0410,Cardiovascular,ophthalmic,2021-09-15,2022-05-15,242,1,0,3,319,30
E000546,P00282,I0012,Endocrine,oral solid,2015-04-05,2015-09-21,169,1,0,0,,30
E000547,P00282,I0012,Endocrine,oral solid,2017-06-28,2017-08-24,57,1,0,1,646,30
E000548,P00283,I0067,Ophthalmic,injection,2018-02-14,2018-03-27,41,1,0,0,,30
E000549,P00284,I0411,Respiratory,injection,2016-04-11,2017-05-27,411,1,0,0,,30
E000550,P00284,I0411,Respiratory,injection,2019-09-11,2019-10-29,48,1,0,1,837,30
E000551,P00285,I0074,Cardiovascular,oral liquid,2015-06-29,2015-09-27,90,1,0,0,,30
E000552,P00286,I0228,Ophthalmic,oral solid,2016-10-20,2016-12-05,46,1,0,0,,30
E000553,P00286,I0228,Ophthalmic,oral solid,2019-04-22,2019-06-26,65,1,0,1,868,30
E000554,P00286,I0228,Ophthalmic,oral solid,2020-08-02,2020-11-01,91,1,0,2,403,30
E000555,P00286,I0228,Ophthalmic,oral solid,2023-03-04,2024-12-09,646,1,0,3,853,30
E000556,P00287,I0103,Anaesthesia,inhalation,2016-05-14,2017-02-14,276,1,0,0,,30
E000557,P00287,I0103,Anaesthesia,inhalation,2017-09-24,2017-11-03,40,1,0,1,222,30
E000558,P00287,I0103,Anaesthesia,inhalation,2019-11-01,2020-02-19,110,1,0,2,728,30
E000559,P00288,I0165,Anti-infective,oral solid,2018-01-28,2018-09-02,217,1,0,0,,30
E000560,P00289,I0032,Ophthalmic,ophthalmic,2018-03-30,2018-05-28,59,1,0,0,,30
E000561,P00289,I0032,Ophthalmic,ophthalmic,2020-10-17,2020-12-16,60,1,0,1,873,30
E000562,P00290,I0335,Electrolytes / fluids,ophthalmic,2015-02-24,2015-05-30,95,1,0,0,,30
E000563,P00290,I0335,Electrolytes / fluids,ophthalmic,2016-07-06,2016-10-27,113,1,0,1,403,30
E000564,P00290,I0335,Electrolytes / fluids,ophthalmic,2017-10-25,2017-12-11,47,1,0,2,363,30
E000565,P00290,I0335,Electrolytes / fluids,ophthalmic,2019-02-12,2019-09-07,207,1,0,3,428,30
E000566,P00291,I0063,Anaesthesia,injection,2015-06-04,2016-03-18,288,1,0,0,,30
E000567,P00292,I0101,Cardiovascular,inhalation,2015-10-25,2016-02-19,117,1,0,0,,30
E000568,P00292,I0101,Cardiovascular,inhalation,2017-03-22,2017-04-20,29,1,0,1,397,30
E000569,P00293,I0015,Electrolytes / fluids,oral liquid,2017-05-25,2018-10-21,514,1,0,0,,30
E000570,P00293,I0015,Electrolytes / fluids,oral liquid,2020-10-10,2021-03-29,170,1,0,1,720,30
E000571,P00293,I0015,Electrolytes / fluids,oral liquid,2022-04-28,2023-03-18,324,1,0,2,395,30
E000572,P00294,I0391,CNS / analgesia,oral solid,2016-10-04,2017-01-04,92,1,0,0,,30
E000573,P00294,I0391,CNS / analgesia,oral solid,2017-11-27,2017-12-20,23,1,0,1,327,30
E000574,P00294,I0391,CNS / analgesia,oral solid,2019-04-18,2019-06-03,46,1,0,2,484,30
E000575,P00294,I0391,CNS / analgesia,oral solid,2021-07-12,2021-09-08,58,1,0,3,770,30
E000576,P00295,I0308,Cardiovascular,inhalation,2016-09-03,2017-01-05,124,1,0,0,,30
E000577,P00295,I0308,Cardiovascular,inhalation,2017-10-22,2017-12-31,70,1,0,1,290,30
E000578,P00295,I0308,Cardiovascular,inhalation,2018-04-07,2018-07-18,102,1,0,2,97,30
E000579,P00296,I0328,Anti-infective,oral liquid,2017-01-22,2017-02-24,33,1,0,0,,30
E000580,P00297,I0094,Anaesthesia,ophthalmic,2015-12-03,2016-04-10,129,1,0,0,,30
E000581,P00298,I0143,Electrolytes / fluids,injection,2015-03-16,2015-07-17,123,1,0,0,,30
E000582,P00298,I0143,Electrolytes / fluids,injection,2016-01-06,2016-10-10,278,1,0,1,173,30
E000583,P00298,I0143,Electrolytes / fluids,injection,2017-07-06,2017-10-11,97,1,0,2,269,30
E000584,P00299,I0232,Anti-infective,oral solid,2015-09-20,2016-05-09,232,1,0,0,,30
E000585,P00299,I0232,Anti-infective,oral solid,2017-06-10,2018-02-20,255,1,0,1,397,30
E000586,P00300,I0126,Cardiovascular,oral solid,2018-04-07,2018-06-10,64,1,0,0,,30
E000587,P00301,I0262,Respiratory,inhalation,2015-10-14,2015-12-19,66,1,0,0,,30
E000588,P00301,I0262,Respiratory,inhalation,2018-03-17,2018-08-27,163,1,0,1,819,30
E000589,P00301,I0262,Respiratory,inhalation,2018-12-27,2019-06-19,174,1,0,2,122,30
E000590,P00302,I0371,Oncology,oral liquid,2016-07-17,2017-06-08,326,1,0,0,,30
E000591,P00302,I0371,Oncology,oral liquid,2017-09-16,2017-12-16,91,1,0,1,100,30
E000592,P00302,I0371,Oncology,oral liquid,2020-04-22,2020-05-31,39,1,0,2,858,30
E000593,P00302,I0371,Oncology,oral liquid,2021-06-22,2021-12-14,175,1,0,3,387,30
E000594,P00302,I0371,Oncology,oral liquid,2022-07-27,2023-01-08,165,1,0,4,225,30
E000595,P00303,I0085,Anti-infective,oral solid,2018-02-10,2018-07-17,157,1,0,0,,30
E000596,P00303,I0085,Anti-infective,oral solid,2018-09-29,2018-12-31,93,1,0,1,74,30
E000597,P00304,I0400,Cardiovascular,oral liquid,2015-10-15,2016-08-11,301,1,0,0,,30
E000598,P00304,I0400,Cardiovascular,oral liquid,2017-07-03,2017-11-15,135,1,0,1,326,30
E000599,P00304,I0400,Cardiovascular,oral liquid,2019-03-11,2019-11-10,244,1,0,2,481,30
E000600,P00304,I0400,Cardiovascular,oral liquid,2020-12-04,2021-03-11,97,1,0,3,390,30
E000601,P00304,I0400,Cardiovascular,oral liquid,2022-01-21,2022-05-09,108,1,0,4,316,30
E000602,P00305,I0323,Endocrine,oral solid,2017-12-30,2018-01-21,22,1,0,0,,30
E000603,P00305,I0323,Endocrine,oral solid,2018-05-12,2018-11-10,182,1,0,1,111,30
E000604,P00306,I0163,Electrolytes / fluids,inhalation,2015-01-03,2015-03-07,63,1,0,0,,30
E000605,P00307,I0266,Cardiovascular,oral liquid,2017-07-27,2017-12-16,142,1,0,0,,30
E000606,P00308,I0055,Anaesthesia,oral solid,2015-09-10,2016-03-05,177,1,0,0,,30
E000607,P00309,I0003,CNS / analgesia,ophthalmic,2017-11-11,2017-12-31,50,1,0,0,,30
E000608,P00309,I0003,CNS / analgesia,ophthalmic,2019-05-18,2019-08-29,103,1,0,1,503,30
E000609,P00310,I0231,Anti-infective,ophthalmic,2016-06-17,2016-08-20,64,1,0,0,,30
E000610,P00311,I0421,Oncology,ophthalmic,2015-07-15,2015-08-15,31,1,0,0,,30
E000611,P00311,I0421,Oncology,ophthalmic,2016-09-12,2017-02-17,158,1,0,1,394,30
E000612,P00312,I0408,Anaesthesia,oral liquid,2015-11-11,2015-12-10,29,1,0,0,,30
E000613,P00313,I0232,CNS / analgesia,injection,2016-01-25,2016-03-15,50,1,0,0,,30
E000614,P00314,I0080,Anaesthesia,injection,2017-01-29,2017-04-01,62,1,0,0,,30
E000615,P00315,I0418,CNS / analgesia,injection,2015-02-10,2015-04-06,55,1,0,0,,30
E000616,P00316,I0109,Respiratory,inhalation,2017-08-28,2017-10-15,48,1,0,0,,30
E000617,P00316,I0109,Respiratory,inhalation,2019-12-02,2020-02-16,76,1,0,1,778,30
E000618,P00316,I0109,Respiratory,inhalation,2020-07-24,2021-02-04,195,1,0,2,159,30
E000619,P00317,I0340,Anti-infective,ophthalmic,2016-12-23,2017-01-17,25,1,0,0,,30
E000620,P00317,I0340,Anti-infective,ophthalmic,2017-07-05,2017-08-17,43,1,0,1,169,30
E000621,P00318,I0035,Endocrine,ophthalmic,2016-05-19,2016-08-19,92,1,0,0,,30
E000622,P00319,I0276,Electrolytes / fluids,oral solid,2015-08-04,2016-01-30,179,1,0,0,,30
E000623,P00319,I0276,Electrolytes / fluids,oral solid,2016-10-20,2017-02-06,109,1,0,1,264,30
E000624,P00320,I0418,Anaesthesia,injection,2017-11-10,2017-12-22,42,1,0,0,,30
E000625,P00321,I0082,Anti-infective,oral liquid,2016-07-10,2016-10-05,87,1,0,0,,30
E000626,P00321,I0082,Anti-infective,oral liquid,2017-09-05,2017-12-01,87,1,0,1,335,30
E000627,P00322,I0233,Anaesthesia,ophthalmic,2017-02-14,2017-04-08,53,1,0,0,,30
E000628,P00322,I0233,Anaesthesia,ophthalmic,2017-11-17,2018-02-23,98,1,0,1,223,30
E000629,P00323,I0199,Anaesthesia,oral liquid,2017-12-26,2018-04-16,111,1,0,0,,30
E000630,P00323,I0199,Anaesthesia,oral liquid,2018-09-23,2018-11-21,59,1,0,1,160,30
E000631,P00324,I0038,Anti-infective,inhalation,2018-04-09,2018-09-14,158,1,0,0,,30
E000632,P00324,I0038,Anti-infective,inhalation,2019-03-16,2019-05-06,51,1,0,1,183,30
E000633,P00325,I0250,Endocrine,oral solid,2015-11-25,2016-01-31,67,1,0,0,,30
E000634,P00325,I0250,Endocrine,oral solid,2016-08-27,2016-11-01,66,1,0,1,209,30
E000635,P00325,I0250,Endocrine,oral solid,2018-08-20,2018-10-14,55,1,0,2,657,30
E000636,P00326,I0202,Electrolytes / fluids,injection,2016-11-09,2017-03-14,125,1,0,0,,30
E000637,P00327,I0210,CNS / analgesia,injection,2016-11-30,2017-01-20,51,1,0,0,,30
E000638,P00328,I0224,Electrolytes / fluids,oral liquid,2015-03-22,2015-10-26,218,1,0,0,,30
E000639,P00328,I0224,Electrolytes / fluids,oral liquid,2016-03-08,2017-02-14,343,1,0,1,134,30
E000640,P00329,I0133,CNS / analgesia,injection,2015-12-14,2016-08-13,243,1,0,0,,30
E000641,P00330,I0430,Cardiovascular,injection,2017-08-08,2018-07-26,352,1,0,0,,30
E000642,P00330,I0430,Cardiovascular,injection,2020-03-08,2020-06-02,86,1,0,1,591,30
E000643,P00331,I0306,Oncology,injection,2018-02-01,2018-03-27,54,1,0,0,,30
E000644,P00331,I0306,Oncology,injection,2018-09-29,2018-11-29,61,1,0,1,186,30
E000645,P00331,I0306,Oncology,injection,2020-10-31,2021-03-15,135,1,0,2,702,30
E000646,P00332,I0193,Oncology,ophthalmic,2016-01-29,2016-07-02,155,1,0,0,,30
E000647,P00333,I0013,CNS / analgesia,injection,2018-01-23,2018-03-09,45,1,0,0,,30
E000648,P00333,I0013,CNS / analgesia,injection,2018-06-30,2018-08-28,59,1,0,1,113,30
E000649,P00334,I0194,Electrolytes / fluids,ophthalmic,2017-07-25,2017-09-07,44,1,0,0,,30
E000650,P00334,I0194,Electrolytes / fluids,ophthalmic,2019-07-07,2019-08-02,26,1,0,1,668,30
E000651,P00335,I0033,Ophthalmic,oral liquid,2017-11-22,2018-03-12,110,1,0,0,,30
E000652,P00336,I0417,Anti-infective,inhalation,2015-04-27,2015-06-24,58,1,0,0,,30
E000653,P00336,I0417,Anti-infective,inhalation,2017-09-13,2018-05-23,252,1,0,1,812,30
E000654,P00336,I0417,Anti-infective,inhalation,2019-08-29,2019-12-21,114,1,0,2,463,30
E000655,P00337,I0142,Electrolytes / fluids,ophthalmic,2017-07-14,2017-10-31,109,1,0,0,,30
E000656,P00337,I0142,Electrolytes / fluids,ophthalmic,2018-02-24,2018-06-17,113,1,0,1,116,30
E000657,P00338,I0135,Anti-infective,inhalation,2015-05-12,2015-06-26,45,1,0,0,,30
E000658,P00338,I0135,Anti-infective,inhalation,2015-09-03,2015-10-01,28,1,0,1,69,30
E000659,P00338,I0135,Anti-infective,inhalation,2016-08-05,2016-08-26,21,1,0,2,309,30
E000660,P00338,I0135,Anti-infective,inhalation,2018-05-18,2018-08-05,79,1,0,3,630,30
E000661,P00339,I0177,Anaesthesia,oral liquid,2015-10-31,2016-01-01,62,1,0,0,,30
E000662,P00340,I0169,Anti-infective,inhalation,2017-04-15,2017-05-13,28,1,0,0,,30
E000663,P00341,I0131,Ophthalmic,inhalation,2016-05-21,2016-09-30,132,1,0,0,,30
E000664,P00341,I0131,Ophthalmic,inhalation,2017-08-09,2017-10-16,68,1,0,1,313,30
E000665,P00341,I0131,Ophthalmic,inhalation,2018-08-22,2018-10-12,51,1,0,2,310,30
E000666,P00341,I0131,Ophthalmic,inhalation,2020-12-27,2021-11-27,335,1,0,3,807,30
E000667,P00342,I0043,Anti-infective,oral liquid,2017-10-03,2018-03-02,150,1,0,0,,30
E000668,P00343,I0303,Oncology,oral solid,2017-03-11,2017-12-14,278,1,0,0,,30
E000669,P00343,I0303,Oncology,oral solid,2019-10-06,2019-11-29,54,1,0,1,661,30
E000670,P00344,I0170,Oncology,ophthalmic,2017-06-04,2017-10-13,131,1,0,0,,30
E000671,P00345,I0338,Electrolytes / fluids,oral liquid,2015-04-14,2015-06-23,70,1,0,0,,30
E000672,P00345,I0338,Electrolytes / fluids,oral liquid,2017-01-09,2017-05-13,124,1,0,1,566,30
E000673,P00345,I0338,Electrolytes / fluids,oral liquid,2019-01-05,2019-06-03,149,1,0,2,602,30
E000674,P00345,I0338,Electrolytes / fluids,oral liquid,2020-05-13,2020-12-05,206,1,0,3,345,30
E000675,P00346,I0314,CNS / analgesia,oral liquid,2018-02-05,2018-06-20,135,1,0,0,,30
E000676,P00346,I0314,CNS / analgesia,oral liquid,2020-11-24,2021-03-18,114,1,0,1,888,30
E000677,P00346,I0314,CNS / analgesia,oral liquid,2023-06-25,2023-09-02,69,1,0,2,829,30
E000678,P00347,I0346,Immunologic,injection,2017-09-20,2018-03-17,178,1,0,0,,30
E000679,P00347,I0346,Immunologic,injection,2020-03-22,2020-04-30,39,1,0,1,736,30
E000680,P00348,I0071,Ophthalmic,oral solid,2016-09-13,2016-10-17,34,1,0,0,,30
E000681,P00349,I0277,Immunologic,inhalation,2017-11-12,2018-01-22,71,1,0,0,,30
E000682,P00350,I0257,Respiratory,inhalation,2015-02-23,2015-03-27,32,1,0,0,,30
E000683,P00351,I0197,Electrolytes / fluids,oral solid,2017-04-27,2017-06-29,63,1,0,0,,30
E000684,P00352,I0073,Electrolytes / fluids,oral liquid,2016-09-11,2017-03-25,195,1,0,0,,30
E000685,P00353,I0011,Cardiovascular,ophthalmic,2016-11-16,2017-02-27,103,1,0,0,,30
E000686,P00353,I0011,Cardiovascular,ophthalmic,2018-09-23,2018-10-07,14,1,0,1,573,30
E000687,P00353,I0011,Cardiovascular,ophthalmic,2019-09-21,2020-04-14,206,1,0,2,349,30
E000688,P00354,I0420,Oncology,oral solid,2017-06-11,2017-08-13,63,1,0,0,,30
E000689,P00354,I0420,Oncology,oral solid,2019-03-29,2019-06-22,85,1,0,1,593,30
E000690,P00355,I0313,Anti-infective,ophthalmic,2015-05-19,2015-08-09,82,1,0,0,,30
E000691,P00355,I0313,Anti-infective,ophthalmic,2016-05-18,2016-09-28,133,1,0,1,283,30
E000692,P00356,I0099,Immunologic,ophthalmic,2018-01-22,2018-07-28,187,1,0,0,,30
E000693,P00356,I0099,Immunologic,ophthalmic,2019-11-13,2020-06-16,216,1,0,1,473,30
E000694,P00356,I0099,Immunologic,ophthalmic,2020-09-13,2020-11-12,60,1,0,2,89,30
E000695,P00356,I0099,Immunologic,ophthalmic,2022-12-19,2023-03-01,72,1,0,3,767,30
E000696,P00357,I0425,Oncology,ophthalmic,2015-05-19,2015-10-07,141,1,0,0,,30
E000697,P00357,I0425,Oncology,ophthalmic,2017-05-05,2017-07-25,81,1,0,1,576,30
E000698,P00357,I0425,Oncology,ophthalmic,2019-05-25,2019-11-10,169,1,0,2,669,30
E000699,P00358,I0234,Cardiovascular,oral liquid,2016-06-20,2016-12-24,187,1,0,0,,30
E000700,P00358,I0234,Cardiovascular,oral liquid,2018-01-25,2018-06-14,140,1,0,1,397,30
E000701,P00359,I0116,CNS / analgesia,inhalation,2017-07-16,2017-08-10,25,1,0,0,,30
E000702,P00359,I0116,CNS / analgesia,inhalation,2018-05-20,2018-09-21,124,1,0,1,283,30
E000703,P00360,I0396,Respiratory,oral liquid,2016-04-18,2016-05-15,27,1,0,0,,30
E000704,P00361,I0020,Immunologic,injection,2015-07-10,2015-09-17,69,1,0,0,,30
E000705,P00362,I0319,Anti-infective,ophthalmic,2018-02-06,2018-04-18,71,1,0,0,,30
E000706,P00362,I0319,Anti-infective,ophthalmic,2018-10-05,2019-03-03,149,1,0,1,170,30
E000707,P00362,I0319,Anti-infective,ophthalmic,2019-12-24,2020-05-17,145,1,0,2,296,30
E000708,P00363,I0401,Cardiovascular,injection,2016-07-29,2016-10-10,73,1,0,0,,30
E000709,P00363,I0401,Cardiovascular,injection,2018-09-04,2019-01-07,125,1,0,1,694,30
E000710,P00364,I0147,Oncology,inhalation,2017-10-04,2017-12-27,84,1,0,0,,30
E000711,P00365,I0085,CNS / analgesia,inhalation,2015-11-09,2016-01-18,70,1,0,0,,30
E000712,P00365,I0085,CNS / analgesia,inhalation,2018-01-01,2018-04-01,90,1,0,1,714,30
E000713,P00366,I0374,Oncology,oral solid,2017-12-02,2018-01-02,31,1,0,0,,30
E000714,P00366,I0374,Oncology,oral solid,2018-09-28,2019-01-17,111,1,0,1,269,30
E000715,P00367,I0342,Anti-infective,oral liquid,2017-05-17,2017-07-10,54,1,0,0,,30
E000716,P00368,I0180,Anti-infective,oral solid,2017-11-17,2018-05-04,168,1,0,0,,30
E000717,P00369,I0205,Cardiovascular,injection,2016-07-08,2017-01-19,195,1,0,0,,30
E000718,P00370,I0270,Anaesthesia,injection,2016-07-11,2016-12-26,168,1,0,0,,30
E000719,P00370,I0270,Anaesthesia,injection,2017-12-27,2018-04-03,97,1,0,1,366,30
E000720,P00370,I0270,Anaesthesia,injection,2018-09-06,2018-12-26,111,1,0,2,156,30
E000721,P00371,I0321,Endocrine,inhalation,2017-01-23,2017-04-08,75,1,0,0,,30
E000722,P00372,I0263,Anti-infective,oral solid,2016-03-23,2016-04-14,22,1,0,0,,30
E000723,P00373,I0253,Oncology,injection,2017-11-02,2018-02-26,116,1,0,0,,30
E000724,P00374,I0398,Cardiovascular,inhalation,2015-01-18,2015-08-22,216,1,0,0,,30
E000725,P00375,I0191,CNS / analgesia,injection,2016-02-23,2016-06-20,118,1,0,0,,30
E000726,P00375,I0191,CNS / analgesia,injection,2017-04-13,2017-06-18,66,1,0,1,297,30
E000727,P00375,I0191,CNS / analgesia,injection,2017-11-01,2018-06-21,232,1,0,2,136,30
E000728,P00375,I0191,CNS / analgesia,injection,2020-02-03,2020-03-23,49,1,0,3,592,30
E000729,P00376,I0218,Anti-infective,inhalation,2016-04-06,2016-09-28,175,1,0,0,,30
E000730,P00377,I0302,Electrolytes / fluids,inhalation,2017-03-11,2017-06-29,110,1,0,0,,30
E000731,P00378,I0188,Immunologic,oral solid,2016-09-01,2016-09-26,25,1,0,0,,30
E000732,P00379,I0190,Ophthalmic,injection,2017-03-30,2017-05-02,33,1,0,0,,30
E000733,P00380,I0026,Cardiovascular,injection,2017-09-24,2017-12-02,69,1,0,0,,30
E000734,P00381,I0198,Respiratory,oral solid,2015-10-10,2016-02-28,141,1,0,0,,30
E000735,P00382,I0029,Anti-infective,inhalation,2016-07-21,2016-09-30,71,1,0,0,,30
E000736,P00383,I0167,Cardiovascular,oral liquid,2017-02-25,2017-06-09,104,1,0,0,,30
E000737,P00384,I0363,CNS / analgesia,oral solid,2016-10-03,2017-06-18,258,1,0,0,,30
E000738,P00384,I0363,CNS / analgesia,oral solid,2019-11-06,2020-05-19,195,1,0,1,871,30
E000739,P00385,I0111,Oncology,oral solid,2016-02-21,2016-06-20,120,1,0,0,,30
E000740,P00385,I0111,Oncology,oral solid,2018-01-23,2018-07-24,182,1,0,1,582,30
E000741,P00386,I0271,Respiratory,ophthalmic,2015-08-08,2015-09-04,27,1,0,0,,30
E000742,P00387,I0217,Anaesthesia,oral solid,2015-03-25,2015-05-09,45,1,0,0,,30
E000743,P00388,I0145,Respiratory,injection,2018-02-11,2018-12-31,323,1,0,0,,30
E000744,P00388,I0145,Respiratory,injection,2020-03-19,2020-04-18,30,1,0,1,444,30
E000745,P00388,I0145,Respiratory,injection,2020-12-21,2021-02-13,54,1,0,2,247,30
E000746,P00388,I0145,Respiratory,injection,2022-04-16,2022-08-01,107,1,0,3,427,30
E000747,P00388,I0145,Respiratory,injection,2024-12-23,2025-01-19,27,1,0,4,875,30
E000748,P00389,I0334,Anti-infective,ophthalmic,2017-07-12,2017-10-01,81,1,0,0,,30
E000749,P00389,I0334,Anti-infective,ophthalmic,2019-08-13,2019-09-08,26,1,0,1,681,30
E000750,P00389,I0334,Anti-infective,ophthalmic,2021-10-15,2021-11-25,41,1,0,2,768,30
E000751,P00389,I0334,Anti-infective,ophthalmic,2023-03-18,2023-05-22,65,1,0,3,478,30
E000752,P00390,I0089,Anaesthesia,oral liquid,2016-12-26,2017-01-24,29,1,0,0,,30
E000753,P00391,I0123,Anti-infective,oral liquid,2016-08-03,2016-10-08,66,1,0,0,,30
E000754,P00391,I0123,Anti-infective,oral liquid,2017-07-06,2017-09-19,75,1,0,1,271,30
E000755,P00391,I0123,Anti-infective,oral liquid,2018-10-24,2018-11-10,17,1,0,2,400,30
E000756,P00392,I0300,Respiratory,oral liquid,2016-01-08,2016-08-10,215,1,0,0,,30
E000757,P00393,I0308,Endocrine,oral solid,2017-12-25,2018-10-20,299,1,0,0,,30
E000758,P00394,I0403,Anti-infective,injection,2017-06-12,2017-11-25,166,1,0,0,,30
E000759,P00394,I0403,Anti-infective,injection,2018-01-08,2018-06-11,154,1,0,1,44,30
E000760,P00395,I0292,Respiratory,oral solid,2018-03-01,2018-05-04,64,1,0,0,,30
E000761,P00396,I0370,Oncology,inhalation,2016-10-06,2016-11-01,26,1,0,0,,30
E000762,P00397,I0282,Cardiovascular,ophthalmic,2017-09-05,2018-03-13,189,1,0,0,,30
E000763,P00398,I0283,Anaesthesia,inhalation,2017-04-01,2017-06-10,70,1,0,0,,30
E000764,P00399,I0303,Immunologic,ophthalmic,2016-02-23,2016-05-28,95,1,0,0,,30
E000765,P00400,I0111,Oncology,oral liquid,2016-11-12,2017-01-22,71,1,0,0,,30
E000766,P00400,I0111,Oncology,oral liquid,2017-10-25,2018-07-06,254,1,0,1,276,30
E000767,P00401,I0130,Respiratory,oral solid,2018-01-07,2018-02-07,31,1,0,0,,30
E000768,P00401,I0130,Respiratory,oral solid,2018-08-24,2019-02-23,183,1,0,1,198,30
E000769,P00401,I0130,Respiratory,oral solid,2019-04-06,2019-07-15,100,1,0,2,42,30
E000770,P00401,I0130,Respiratory,oral solid,2019-10-30,2020-02-01,94,1,0,3,107,30
E000771,P00402,I0335,Ophthalmic,ophthalmic,2016-12-21,2017-02-10,51,1,0,0,,30
E000772,P00402,I0335,Ophthalmic,ophthalmic,2019-07-11,2019-08-28,48,1,0,1,881,30
E000773,P00402,I0335,Ophthalmic,ophthalmic,2019-10-29,2020-02-15,109,1,0,2,62,30
E000774,P00403,I0404,Oncology,oral solid,2017-06-12,2018-02-26,259,1,0,0,,30
E000775,P00404,I0381,Electrolytes / fluids,oral liquid,2016-07-18,2016-10-23,97,1,0,0,,30
E000776,P00405,I0011,Oncology,ophthalmic,2016-04-18,2016-12-28,254,1,0,0,,30
E000777,P00405,I0011,Oncology,ophthalmic,2018-07-21,2018-10-21,92,1,0,1,570,30
E000778,P00405,I0011,Oncology,ophthalmic,2019-08-07,2019-11-05,90,1,0,2,290,30
E000779,P00405,I0011,Oncology,ophthalmic,2020-10-09,2021-03-01,143,1,0,3,339,30
E000780,P00406,I0119,Cardiovascular,injection,2017-08-04,2017-10-18,75,1,0,0,,30
E000781,P00407,I0365,Oncology,inhalation,2018-01-14,2018-02-19,36,1,0,0,,30
E000782,P00407,I0365,Oncology,inhalation,2018-12-25,2019-02-08,45,1,0,1,309,30
E000783,P00408,I0068,Endocrine,ophthalmic,2016-03-22,2016-04-08,17,1,0,0,,30
E000784,P00409,I0166,Ophthalmic,oral solid,2018-01-12,2018-03-11,58,1,0,0,,30
E000785,P00409,I0166,Ophthalmic,oral solid,2019-03-24,2019-05-18,55,1,0,1,378,30
E000786,P00409,I0166,Ophthalmic,oral solid,2021-05-01,2021-09-19,141,1,0,2,714,30
E000787,P00409,I0166,Ophthalmic,oral solid,2023-07-27,2023-08-15,19,1,0,3,676,30
E000788,P00410,I0116,Anaesthesia,oral liquid,2017-03-06,2019-12-09,1008,1,0,0,,30
E000789,P00410,I0116,Anaesthesia,oral liquid,2020-11-22,2021-01-15,54,1,0,1,349,30
E000790,P00411,I0352,Respiratory,oral liquid,2015-04-15,2016-01-16,276,1,0,0,,30
E000791,P00411,I0352,Respiratory,oral liquid,2017-11-26,2017-12-13,17,1,0,1,680,30
E000792,P00411,I0352,Respiratory,oral liquid,2019-01-27,2019-02-24,28,1,0,2,410,30
E000793,P00411,I0352,Respiratory,oral liquid,2021-01-16,2021-02-23,38,1,0,3,692,30
E000794,P00411,I0352,Respiratory,oral liquid,2023-04-07,2023-05-26,49,1,0,4,773,30
E000795,P00412,I0370,Anti-infective,injection,2016-11-16,2017-06-14,210,1,0,0,,30
E000796,P00413,I0081,CNS / analgesia,injection,2017-09-29,2017-11-20,52,1,0,0,,30
E000797,P00414,I0271,Electrolytes / fluids,inhalation,2016-11-27,2017-02-05,70,1,0,0,,30
E000798,P00415,I0166,Cardiovascular,injection,2017-03-03,2017-04-28,56,1,0,0,,30
E000799,P00416,I0136,Endocrine,oral solid,2018-01-08,2018-03-09,60,1,0,0,,30
E000800,P00416,I0136,Endocrine,oral solid,2020-02-17,2020-06-07,111,1,0,1,710,30
E000801,P00416,I0136,Endocrine,oral solid,2022-06-20,2022-08-16,57,1,0,2,743,30
E000802,P00417,I0152,Cardiovascular,oral liquid,2016-02-03,2016-04-21,78,1,0,0,,30
E000803,P00417,I0152,Cardiovascular,oral liquid,2017-04-21,2017-06-01,41,1,0,1,365,30
E000804,P00418,I0412,Anaesthesia,injection,2017-05-05,2017-10-05,153,1,0,0,,30
E000805,P00419,I0112,Anaesthesia,inhalation,2015-09-09,2016-05-17,251,1,0,0,,30
E000806,P00419,I0112,Anaesthesia,inhalation,2017-01-12,2017-07-28,197,1,0,1,240,30
E000807,P00419,I0112,Anaesthesia,inhalation,2017-11-17,2018-01-04,48,1,0,2,112,30
E000808,P00420,I0426,Anti-infective,injection,2015-01-20,2015-08-02,194,1,0,0,,30
E000809,P00420,I0426,Anti-infective,injection,2017-11-15,2018-02-01,78,1,0,1,836,30
E000810,P00421,I0043,Electrolytes / fluids,oral solid,2015-08-26,2015-12-15,111,1,0,0,,30
E000811,P00421,I0043,Electrolytes / fluids,oral solid,2016-06-06,2017-05-28,356,1,0,1,174,30
E000812,P00422,I0168,Cardiovascular,oral solid,2016-01-12,2016-11-19,312,1,0,0,,30
E000813,P00423,I0289,Electrolytes / fluids,oral liquid,2015-10-17,2015-12-14,58,1,0,0,,30
E000814,P00423,I0289,Electrolytes / fluids,oral liquid,2016-06-06,2016-08-22,77,1,0,1,175,30
E000815,P00424,I0269,Ophthalmic,inhalation,2015-07-23,2015-09-03,42,1,0,0,,30
E000816,P00424,I0269,Ophthalmic,inhalation,2016-09-04,2017-09-08,369,1,0,1,367,30
E000817,P00424,I0269,Ophthalmic,inhalation,2019-05-06,2019-06-03,28,1,0,2,605,30
E000818,P00424,I0269,Ophthalmic,inhalation,2021-11-12,2022-02-09,89,1,0,3,893,30
E000819,P00425,I0159,Cardiovascular,oral solid,2015-07-05,2016-07-26,387,1,0,0,,30
E000820,P00425,I0159,Cardiovascular,oral solid,2016-11-04,2016-12-15,41,1,0,1,101,30
E000821,P00426,I0101,CNS / analgesia,ophthalmic,2017-07-15,2017-09-25,72,1,0,0,,30
E000822,P00427,I0392,CNS / analgesia,oral solid,2016-04-25,2017-02-11,292,1,0,0,,30
E000823,P00428,I0357,Anaesthesia,ophthalmic,2018-04-13,2018-06-14,62,1,0,0,,30
E000824,P00428,I0357,Anaesthesia,ophthalmic,2020-07-31,2020-11-01,93,1,0,1,778,30
E000825,P00429,I0336,Immunologic,oral solid,2015-06-29,2015-08-05,37,1,0,0,,30
E000826,P00430,I0340,Anaesthesia,oral liquid,2016-04-04,2017-06-29,451,1,0,0,,30
E000827,P00431,I0287,Anti-infective,injection,2017-11-25,2018-02-07,74,1,0,0,,30
E000828,P00431,I0287,Anti-infective,injection,2020-07-02,2020-11-06,127,1,0,1,876,30
E000829,P00431,I0287,Anti-infective,injection,2023-04-04,2023-08-31,149,1,0,2,879,30
E000830,P00432,I0201,Anaesthesia,ophthalmic,2018-04-13,2018-09-03,143,1,0,0,,30
E000831,P00432,I0201,Anaesthesia,ophthalmic,2020-12-04,2021-01-26,53,1,0,1,823,30
E000832,P00432,I0201,Anaesthesia,ophthalmic,2021-09-20,2022-05-17,239,1,0,2,237,30
E000833,P00432,I0201,Anaesthesia,ophthalmic,2024-09-13,2024-11-04,52,1,0,3,850,30
E000834,P00433,I0202,Anti-infective,ophthalmic,2017-04-11,2017-06-24,74,1,0,0,,30
E000835,P00433,I0202,Anti-infective,ophthalmic,2018-10-28,2018-12-09,42,1,0,1,491,30
E000836,P00433,I0202,Anti-infective,ophthalmic,2019-04-16,2019-06-27,72,1,0,2,128,30
E000837,P00433,I0202,Anti-infective,ophthalmic,2020-10-27,2020-12-06,40,1,0,3,488,30
E000838,P00433,I0202,Anti-infective,ophthalmic,2022-01-02,2022-02-24,53,1,0,4,392,30
E000839,P00434,I0242,Ophthalmic,oral liquid,2017-04-19,2017-06-08,50,1,0,0,,30
E000840,P00434,I0242,Ophthalmic,oral liquid,2017-11-26,2018-02-05,71,1,0,1,171,30
E000841,P00435,I0390,Cardiovascular,oral solid,2016-03-22,2016-04-28,37,1,0,0,,30
E000842,P00436,I0114,Immunologic,oral liquid,2017-02-16,2017-03-19,31,1,0,0,,30
E000843,P00437,I0159,Cardiovascular,ophthalmic,2015-04-12,2015-05-22,40,1,0,0,,30
E000844,P00438,I0007,CNS / analgesia,oral solid,2017-12-16,2018-02-01,47,1,0,0,,30
E000845,P00439,I0169,Endocrine,ophthalmic,2015-09-28,2015-10-25,27,1,0,0,,30
E000846,P00439,I0169,Endocrine,ophthalmic,2015-11-29,2015-12-30,31,1,0,1,35,30
E000847,P00440,I0206,Oncology,injection,2018-03-27,2018-10-09,196,1,0,0,,30
E000848,P00441,I0366,Electrolytes / fluids,oral solid,2015-02-26,2015-04-30,63,1,0,0,,30
E000849,P00442,I0358,Anaesthesia,ophthalmic,2015-10-31,2016-03-04,125,1,0,0,,30
E000850,P00442,I0358,Anaesthesia,ophthalmic,2017-02-04,2017-05-04,89,1,0,1,337,30
E000851,P00442,I0358,Anaesthesia,ophthalmic,2018-04-17,2018-08-01,106,1,0,2,348,30
E000852,P00442,I0358,Anaesthesia,ophthalmic,2020-07-08,2020-10-17,101,1,0,3,707,30
E000853,P00443,I0354,Immunologic,oral solid,2017-08-18,2018-02-05,171,1,0,0,,30
E000854,P00443,I0354,Immunologic,oral solid,2018-09-17,2018-11-13,57,1,0,1,224,30
E000855,P00443,I0354,Immunologic,oral solid,2019-11-11,2020-01-29,79,1,0,2,363,30
E000856,P00443,I0354,Immunologic,oral solid,2020-06-16,2020-07-18,32,1,0,3,139,30
E000857,P00444,I0215,Electrolytes / fluids,oral liquid,2017-01-08,2017-02-11,34,1,0,0,,30
E000858,P00444,I0215,Electrolytes / fluids,oral liquid,2017-11-07,2017-12-02,25,1,0,1,269,30
E000859,P00444,I0215,Electrolytes / fluids,oral liquid,2018-10-03,2018-12-13,71,1,0,2,305,30
E000860,P00444,I0215,Electrolytes / fluids,oral liquid,2020-08-02,2020-11-23,113,1,0,3,598,30
E000861,P00444,I0215,Electrolytes / fluids,oral liquid,2021-09-13,2022-01-03,112,1,0,4,294,30
E000862,P00445,I0154,Cardiovascular,inhalation,2017-08-13,2017-10-13,61,1,0,0,,30
E000863,P00446,I0102,Electrolytes / fluids,injection,2015-10-05,2016-02-03,121,1,0,0,,30
E000864,P00447,I0242,Anti-infective,oral solid,2018-01-23,2018-02-26,34,1,0,0,,30
E000865,P00448,I0308,Electrolytes / fluids,oral solid,2016-02-18,2017-02-03,351,1,0,0,,30
E000866,P00449,I0022,Electrolytes / fluids,oral solid,2016-02-05,2016-03-26,50,1,0,0,,30
E000867,P00450,I0295,Oncology,inhalation,2016-01-15,2016-05-08,114,1,0,0,,30
E000868,P00450,I0295,Oncology,inhalation,2017-07-31,2017-11-28,120,1,0,1,449,30
E000869,P00451,I0007,Anti-infective,inhalation,2015-07-14,2015-09-05,53,1,0,0,,30
E000870,P00451,I0007,Anti-infective,inhalation,2017-02-19,2017-03-15,24,1,0,1,533,30
E000871,P00451,I0007,Anti-infective,inhalation,2018-04-21,2018-05-30,39,1,0,2,402,30
E000872,P00451,I0007,Anti-infective,inhalation,2019-09-10,2019-12-22,103,1,0,3,468,30
E000873,P00452,I0425,Cardiovascular,injection,2017-07-21,2018-02-27,221,1,0,0,,30
E000874,P00452,I0425,Cardiovascular,injection,2019-10-25,2019-11-08,14,1,0,1,605,30
E000875,P00453,I0084,Anaesthesia,oral solid,2015-09-23,2015-11-21,59,1,0,0,,30
E000876,P00454,I0419,Immunologic,inhalation,2017-07-20,2017-08-26,37,1,0,0,,30
E000877,P00454,I0419,Immunologic,inhalation,2018-11-07,2019-01-07,61,1,0,1,438,30
E000878,P00454,I0419,Immunologic,inhalation,2019-10-07,2020-02-16,132,1,0,2,273,30
E000879,P00454,I0419,Immunologic,inhalation,2021-07-30,2022-05-04,278,1,0,3,530,30
E000880,P00455,I0392,Cardiovascular,ophthalmic,2017-09-07,2019-03-18,557,1,0,0,,30
E000881,P00456,I0030,Cardiovascular,injection,2015-08-11,2015-11-04,85,1,0,0,,30
E000882,P00457,I0322,Anaesthesia,inhalation,2016-05-14,2017-06-16,398,1,0,0,,30
E000883,P00457,I0322,Anaesthesia,inhalation,2019-03-08,2019-06-08,92,1,0,1,630,30
E000884,P00458,I0004,Electrolytes / fluids,oral solid,2015-05-06,2015-06-28,53,1,0,0,,30
E000885,P00459,I0056,Respiratory,ophthalmic,2016-01-05,2016-06-25,172,1,0,0,,30
E000886,P00460,I0269,Respiratory,oral liquid,2016-01-12,2016-06-06,146,1,0,0,,30
E000887,P00460,I0269,Respiratory,oral liquid,2018-11-06,2019-02-09,95,1,0,1,883,30
E000888,P00460,I0269,Respiratory,oral liquid,2019-04-26,2019-08-13,109,1,0,2,76,30
E000889,P00460,I0269,Respiratory,oral liquid,2020-12-19,2021-01-31,43,1,0,3,494,30
E000890,P00461,I0378,CNS / analgesia,oral solid,2017-06-21,2017-09-26,97,1,0,0,,30
E000891,P00462,I0198,Cardiovascular,ophthalmic,2016-06-23,2016-11-07,137,1,0,0,,30
E000892,P00463,I0265,Electrolytes / fluids,oral liquid,2017-11-07,2017-12-04,27,1,0,0,,30
E000893,P00463,I0265,Electrolytes / fluids,oral liquid,2018-10-13,2019-01-21,100,1,0,1,313,30
E000894,P00464,I0205,CNS / analgesia,oral liquid,2016-05-24,2016-06-29,36,1,0,0,,30
E000895,P00464,I0205,CNS / analgesia,oral liquid,2018-05-17,2018-07-31,75,1,0,1,687,30
E000896,P00464,I0205,CNS / analgesia,oral liquid,2020-06-12,2020-08-14,63,1,0,2,682,30
E000897,P00465,I0075,Ophthalmic,injection,2016-01-08,2016-03-23,75,1,0,0,,30
E000898,P00466,I0191,Respiratory,inhalation,2016-09-14,2016-11-18,65,1,0,0,,30
E000899,P00467,I0039,Anaesthesia,injection,2015-10-09,2015-12-06,58,1,0,0,,30
E000900,P00467,I0039,Anaesthesia,injection,2016-10-30,2018-02-20,478,1,0,1,329,30
E000901,P00467,I0039,Anaesthesia,injection,2020-02-05,2020-07-31,177,1,0,2,715,30
E000902,P00468,I0345,CNS / analgesia,oral solid,2017-03-12,2017-04-05,24,1,0,0,,30
E000903,P00468,I0345,CNS / analgesia,oral solid,2018-12-24,2019-01-27,34,1,0,1,628,30
E000904,P00469,I0410,Cardiovascular,oral liquid,2015-01-01,2015-10-20,292,1,0,0,,30
E000905,P00469,I0410,Cardiovascular,oral liquid,2017-07-17,2017-08-23,37,1,0,1,636,30
E000906,P00470,I0403,Oncology,oral liquid,2017-12-23,2018-02-21,60,1,0,0,,30
E000907,P00470,I0403,Oncology,oral liquid,2018-08-05,2018-10-23,79,1,0,1,165,30
E000908,P00471,I0034,Anti-infective,oral liquid,2015-06-15,2015-07-05,20,1,0,0,,30
E000909,P00472,I0019,Anti-infective,oral liquid,2018-03-22,2018-05-10,49,1,0,0,,30
E000910,P00472,I0019,Anti-infective,oral liquid,2019-02-09,2019-06-06,117,1,0,1,275,30
E000911,P00473,I0005,Anaesthesia,ophthalmic,2016-02-01,2016-04-20,79,1,0,0,,30
E000912,P00474,I0190,Oncology,oral solid,2016-01-25,2016-04-10,76,1,0,0,,30
E000913,P00474,I0190,Oncology,oral solid,2017-08-23,2018-01-23,153,1,0,1,500,30
E000914,P00474,I0190,Oncology,oral solid,2019-09-01,2019-11-29,89,1,0,2,586,30
E000915,P00474,I0190,Oncology,oral solid,2020-05-28,2020-07-05,38,1,0,3,181,30
E000916,P00474,I0190,Oncology,oral solid,2021-08-22,2021-09-20,29,1,0,4,413,30
E000917,P00475,I0082,Anti-infective,ophthalmic,2015-12-02,2016-01-08,37,1,0,0,,30
E000918,P00476,I0190,Endocrine,injection,2017-05-20,2017-12-20,214,1,0,0,,30
E000919,P00477,I0239,Anti-infective,injection,2017-01-14,2017-04-07,83,1,0,0,,30
E000920,P00478,I0064,Electrolytes / fluids,oral liquid,2016-12-26,2017-03-07,71,1,0,0,,30
E000921,P00479,I0161,Anaesthesia,oral solid,2016-08-21,2016-10-01,41,1,0,0,,30
E000922,P00480,I0362,Anti-infective,oral liquid,2017-01-12,2017-02-08,27,1,0,0,,30
E000923,P00481,I0207,CNS / analgesia,injection,2015-07-03,2015-09-23,82,1,0,0,,30
E000924,P00481,I0207,CNS / analgesia,injection,2017-04-02,2017-08-30,150,1,0,1,557,30
E000925,P00482,I0289,Cardiovascular,injection,2018-03-30,2018-08-21,144,1,0,0,,30
E000926,P00482,I0289,Cardiovascular,injection,2019-12-19,2020-03-14,86,1,0,1,485,30
E000927,P00483,I0392,Electrolytes / fluids,oral liquid,2015-08-24,2015-10-12,49,1,0,0,,30
E000928,P00484,I0179,Oncology,oral solid,2017-05-26,2018-04-29,338,1,0,0,,30
E000929,P00484,I0179,Oncology,oral solid,2020-06-12,2020-10-07,117,1,0,1,775,30
E000930,P00485,I0117,Cardiovascular,ophthalmic,2015-07-08,2015-09-12,66,1,0,0,,30
E000931,P00485,I0117,Cardiovascular,ophthalmic,2016-05-15,2016-06-18,34,1,0,1,246,30
E000932,P00485,I0117,Cardiovascular,ophthalmic,2018-01-04,2018-04-20,106,1,0,2,565,30
E000933,P00485,I0117,Cardiovascular,ophthalmic,2020-02-25,2020-03-25,29,1,0,3,676,30
E000934,P00485,I0117,Cardiovascular,ophthalmic,2021-02-17,2021-04-22,64,1,0,4,329,30
E000935,P00486,I0133,CNS / analgesia,oral solid,2016-11-27,2016-12-26,29,1,0,0,,30
E000936,P00487,I0285,CNS / analgesia,injection,2017-01-06,2017-02-15,40,1,0,0,,30
E000937,P00488,I0246,Oncology,inhalation,2017-03-18,2017-04-25,38,1,0,0,,30
E000938,P00489,I0206,Cardiovascular,ophthalmic,2015-12-31,2016-04-23,114,1,0,0,,30
E000939,P00490,I0246,Oncology,inhalation,2015-04-19,2015-06-27,69,1,0,0,,30
E000940,P00490,I0246,Oncology,inhalation,2017-01-18,2017-09-08,233,1,0,1,571,30
E000941,P00491,I0421,Endocrine,oral solid,2017-02-08,2017-07-03,145,1,0,0,,30
E000942,P00492,I0231,CNS / analgesia,oral solid,2016-03-25,2016-09-12,171,1,0,0,,30
E000943,P00492,I0231,CNS / analgesia,oral solid,2018-02-22,2018-05-06,73,1,0,1,528,30
E000944,P00493,I0388,Anti-infective,inhalation,2016-04-02,2016-05-07,35,1,0,0,,30
E000945,P00493,I0388,Anti-infective,inhalation,2017-03-04,2017-04-07,34,1,0,1,301,30
E000946,P00493,I0388,Anti-infective,inhalation,2017-06-22,2017-12-08,169,1,0,2,76,30
E000947,P00493,I0388,Anti-infective,inhalation,2019-02-08,2019-03-21,41,1,0,3,427,30
E000948,P00494,I0249,Anti-infective,injection,2017-09-13,2018-10-23,405,1,0,0,,30
E000949,P00494,I0249,Anti-infective,injection,2019-06-16,2019-11-19,156,1,0,1,236,30
E000950,P00494,I0249,Anti-infective,injection,2020-06-15,2020-09-05,82,1,0,2,209,30
E000951,P00494,I0249,Anti-infective,injection,2021-02-22,2021-04-01,38,1,0,3,170,30
E000952,P00494,I0249,Anti-infective,injection,2023-07-17,2023-09-27,72,1,0,4,837,30
E000953,P00495,I0301,Oncology,inhalation,2016-01-02,2016-04-20,109,1,0,0,,30
E000954,P00495,I0301,Oncology,inhalation,2016-10-07,2017-01-22,107,1,0,1,170,30
E000955,P00496,I0127,CNS / analgesia,ophthalmic,2017-12-03,2018-03-18,105,1,0,0,,30
E000956,P00497,I0061,Respiratory,oral solid,2017-05-30,2017-09-22,115,1,0,0,,30
E000957,P00498,I0305,Oncology,ophthalmic,2015-12-24,2016-10-12,293,1,0,0,,30
E000958,P00499,I0220,Cardiovascular,oral solid,2015-02-12,2015-03-20,36,1,0,0,,30
E000959,P00500,I0156,Anti-infective,inhalation,2016-06-25,2016-10-21,118,1,0,0,,30
E000960,P00501,I0071,Cardiovascular,oral solid,2018-03-01,2018-04-24,54,1,0,0,,30
E000961,P00501,I0071,Cardiovascular,oral solid,2020-05-24,2020-07-04,41,1,0,1,761,30
E000962,P00501,I0071,Cardiovascular,oral solid,2022-02-24,2022-06-06,102,1,0,2,600,30
E000963,P00502,I0222,Electrolytes / fluids,injection,2017-03-11,2017-07-29,140,1,0,0,,30
E000964,P00502,I0222,Electrolytes / fluids,injection,2019-12-31,2020-04-28,119,1,0,1,885,30
E000965,P00502,I0222,Electrolytes / fluids,injection,2021-02-25,2021-06-09,104,1,0,2,303,30
E000966,P00503,I0313,Electrolytes / fluids,inhalation,2015-05-03,2015-08-20,109,1,0,0,,30
E000967,P00503,I0313,Electrolytes / fluids,inhalation,2016-01-31,2016-07-31,182,1,0,1,164,30
E000968,P00504,I0063,Anti-infective,oral liquid,2015-07-14,2016-02-01,202,1,0,0,,30
E000969,P00505,I0221,CNS / analgesia,oral liquid,2017-07-25,2017-12-30,158,1,0,0,,30
E000970,P00505,I0221,CNS / analgesia,oral liquid,2019-09-25,2020-01-10,107,1,0,1,634,30
E000971,P00505,I0221,CNS / analgesia,oral liquid,2020-10-07,2020-11-25,49,1,0,2,271,30
E000972,P00505,I0221,CNS / analgesia,oral liquid,2021-10-19,2022-04-18,181,1,0,3,328,30
E000973,P00506,I0301,Oncology,injection,2017-11-07,2017-12-11,34,1,0,0,,30
E000974,P00506,I0301,Oncology,injection,2018-01-13,2019-06-28,531,1,0,1,33,30
E000975,P00507,I0320,Immunologic,ophthalmic,2017-09-08,2017-12-01,84,1,0,0,,30
E000976,P00508,I0183,Electrolytes / fluids,oral solid,2017-05-17,2017-08-02,77,1,0,0,,30
E000977,P00508,I0183,Electrolytes / fluids,oral solid,2018-07-17,2018-12-02,138,1,0,1,349,30
E000978,P00509,I0188,Respiratory,injection,2017-07-31,2017-11-06,98,1,0,0,,30
E000979,P00509,I0188,Respiratory,injection,2020-01-24,2020-04-07,74,1,0,1,809,30
E000980,P00509,I0188,Respiratory,injection,2022-06-09,2022-12-16,190,1,0,2,793,30
E000981,P00510,I0216,Endocrine,ophthalmic,2015-11-04,2016-02-06,94,1,0,0,,30
E000982,P00511,I0360,Respiratory,injection,2015-12-13,2016-10-03,295,1,0,0,,30
E000983,P00511,I0360,Respiratory,injection,2017-06-15,2017-07-30,45,1,0,1,255,30
E000984,P00511,I0360,Respiratory,injection,2018-04-22,2018-05-13,21,1,0,2,266,30
E000985,P00512,I0226,CNS / analgesia,inhalation,2015-10-28,2015-12-14,47,1,0,0,,30
E000986,P00513,I0205,Oncology,inhalation,2016-12-16,2017-01-22,37,1,0,0,,30
E000987,P00514,I0333,Oncology,ophthalmic,2015-09-22,2015-11-04,43,1,0,0,,30
E000988,P00514,I0333,Oncology,ophthalmic,2018-04-20,2018-05-19,29,1,0,1,898,30
E000989,P00515,I0043,Anaesthesia,inhalation,2015-12-22,2016-02-23,63,1,0,0,,30
E000990,P00516,I0010,Cardiovascular,oral liquid,2016-12-29,2017-07-08,191,1,0,0,,30
E000991,P00517,I0353,Cardiovascular,inhalation,2015-11-09,2016-06-15,219,1,0,0,,30
E000992,P00517,I0353,Cardiovascular,inhalation,2018-07-22,2018-10-04,74,1,0,1,767,30
E000993,P00517,I0353,Cardiovascular,inhalation,2020-01-07,2020-02-25,49,1,0,2,460,30
E000994,P00518,I0108,Anti-infective,oral solid,2018-04-02,2018-06-28,87,1,0,0,,30
E000995,P00519,I0286,Anti-infective,oral liquid,2016-09-26,2016-11-11,46,1,0,0,,30
E000996,P00519,I0286,Anti-infective,oral liquid,2017-07-12,2017-08-01,20,1,0,1,243,30
E000997,P00519,I0286,Anti-infective,oral liquid,2019-07-22,2019-08-20,29,1,0,2,720,30
E000998,P00519,I0286,Anti-infective,oral liquid,2020-07-03,2020-12-17,167,1,0,3,318,30
E000999,P00520,I0210,CNS / analgesia,inhalation,2015-10-23,2015-12-15,53,1,0,0,,30
E001000,P00521,I0115,Endocrine,oral solid,2017-09-16,2017-10-08,22,1,0,0,,30
E001001,P00521,I0115,Endocrine,oral solid,2018-09-28,2018-10-25,27,1,0,1,355,30
E001002,P00521,I0115,Endocrine,oral solid,2021-03-02,2021-05-30,89,1,0,2,859,30
E001003,P00521,I0115,Endocrine,oral solid,2022-04-01,2022-07-23,113,1,0,3,306,30
E001004,P00522,I0378,CNS / analgesia,injection,2015-06-12,2015-08-28,77,1,0,0,,30
E001005,P00523,I0151,CNS / analgesia,ophthalmic,2015-06-21,2015-08-01,41,1,0,0,,30
E001006,P00524,I0382,CNS / analgesia,oral liquid,2016-08-29,2016-12-25,118,1,0,0,,30
E001007,P00525,I0156,Respiratory,inhalation,2015-09-06,2015-11-14,69,1,0,0,,30
E001008,P00525,I0156,Respiratory,inhalation,2016-02-20,2016-04-07,47,1,0,1,98,30
E001009,P00526,I0070,Electrolytes / fluids,ophthalmic,2015-08-25,2015-12-13,110,1,0,0,,30
E001010,P00527,I0014,Electrolytes / fluids,ophthalmic,2017-10-31,2017-12-17,47,1,0,0,,30
E001011,P00527,I0014,Electrolytes / fluids,ophthalmic,2019-09-20,2020-03-01,163,1,0,1,642,30
E001012,P00528,I0014,Cardiovascular,inhalation,2016-12-12,2018-01-02,386,1,0,0,,30
E001013,P00528,I0014,Cardiovascular,inhalation,2020-05-25,2020-08-05,72,1,0,1,874,30
E001014,P00529,I0174,Anti-infective,oral liquid,2017-05-14,2017-06-02,19,1,0,0,,30
E001015,P00529,I0174,Anti-infective,oral liquid,2018-12-23,2019-02-19,58,1,0,1,569,30
E001016,P00530,I0278,Oncology,oral liquid,2016-02-08,2016-05-31,113,1,0,0,,30
E001017,P00530,I0278,Oncology,oral liquid,2018-04-21,2018-12-14,237,1,0,1,690,30
E001018,P00530,I0278,Oncology,oral liquid,2019-11-18,2020-02-03,77,1,0,2,339,30
E001019,P00531,I0281,Endocrine,oral liquid,2016-09-19,2016-10-24,35,1,0,0,,30
E001020,P00532,I0392,Electrolytes / fluids,injection,2017-12-20,2018-02-03,45,1,0,0,,30
E001021,P00533,I0416,Anaesthesia,oral liquid,2016-02-10,2016-03-22,41,1,0,0,,30
E001022,P00533,I0416,Anaesthesia,oral liquid,2016-11-22,2017-02-28,98,1,0,1,245,30
E001023,P00534,I0113,Anaesthesia,oral liquid,2016-02-21,2016-03-18,26,1,0,0,,30
E001024,P00535,I0087,Cardiovascular,oral liquid,2016-11-22,2017-01-20,59,1,0,0,,30
E001025,P00536,I0343,Cardiovascular,inhalation,2017-04-18,2017-06-03,46,1,0,0,,30
E001026,P00537,I0081,Endocrine,ophthalmic,2015-02-28,2015-03-22,22,1,0,0,,30
E001027,P00537,I0081,Endocrine,ophthalmic,2015-12-12,2016-01-28,47,1,0,1,265,30
E001028,P00538,I0353,Anaesthesia,oral solid,2016-09-18,2016-12-05,78,1,0,0,,30
E001029,P00538,I0353,Anaesthesia,oral solid,2018-09-30,2019-05-19,231,1,0,1,664,30
E001030,P00539,I0141,Anti-infective,oral solid,2018-02-25,2018-06-30,125,1,0,0,,30
E001031,P00539,I0141,Anti-infective,oral solid,2018-10-21,2019-03-22,152,1,0,1,113,30
E001032,P00540,I0043,Anaesthesia,oral solid,2017-12-29,2018-12-09,345,1,0,0,,30
E001033,P00541,I0384,Anaesthesia,oral solid,2016-11-26,2018-01-04,404,1,0,0,,30
E001034,P00542,I0368,Respiratory,ophthalmic,2015-11-13,2016-01-27,75,1,0,0,,30
E001035,P00542,I0368,Respiratory,ophthalmic,2017-10-08,2017-12-11,64,1,0,1,620,30
E001036,P00542,I0368,Respiratory,ophthalmic,2019-11-26,2020-04-28,154,1,0,2,715,30
E001037,P00542,I0368,Respiratory,ophthalmic,2022-03-19,2022-07-04,107,1,0,3,690,30
E001038,P00542,I0368,Respiratory,ophthalmic,2023-12-08,2024-02-15,69,1,0,4,522,30
E001039,P00543,I0097,Oncology,oral liquid,2017-03-20,2017-06-07,79,1,0,0,,30
E001040,P00544,I0135,Endocrine,oral solid,2015-07-08,2015-09-08,62,1,0,0,,30
E001041,P00544,I0135,Endocrine,oral solid,2017-03-02,2017-04-11,40,1,0,1,541,30
E001042,P00545,I0370,Oncology,ophthalmic,2015-07-26,2015-10-18,84,1,0,0,,30
E001043,P00545,I0370,Oncology,ophthalmic,2016-11-23,2017-04-11,139,1,0,1,402,30
E001044,P00546,I0038,Anaesthesia,ophthalmic,2017-02-02,2017-03-15,41,1,0,0,,30
E001045,P00547,I0072,Anaesthesia,oral liquid,2018-03-01,2018-04-16,46,1,0,0,,30
E001046,P00547,I0072,Anaesthesia,oral liquid,2020-07-25,2021-02-20,210,1,0,1,831,30
E001047,P00547,I0072,Anaesthesia,oral liquid,2022-02-24,2022-09-26,214,1,0,2,369,30
E001048,P00548,I0014,CNS / analgesia,oral solid,2017-10-27,2017-12-17,51,1,0,0,,30
E001049,P00548,I0014,CNS / analgesia,oral solid,2018-10-20,2019-05-19,211,1,0,1,307,30
E001050,P00549,I0417,Cardiovascular,inhalation,2016-02-27,2016-03-23,25,1,0,0,,30
E001051,P00550,I0228,Anti-infective,inhalation,2015-12-09,2016-04-13,126,1,0,0,,30
E001052,P00550,I0228,Anti-infective,inhalation,2017-06-02,2017-07-11,39,1,0,1,415,30
E001053,P00551,I0272,Anti-infective,injection,2016-06-03,2016-06-29,26,1,0,0,,30
E001054,P00552,I0115,Oncology,inhalation,2015-06-16,2015-09-19,95,1,0,0,,30
E001055,P00553,I0422,Cardiovascular,ophthalmic,2016-11-05,2016-12-17,42,1,0,0,,30
E001056,P00554,I0394,CNS / analgesia,oral solid,2016-12-31,2017-04-12,102,1,0,0,,30
E001057,P00554,I0394,CNS / analgesia,oral solid,2018-02-19,2018-06-16,117,1,0,1,313,30
E001058,P00554,I0394,CNS / analgesia,oral solid,2020-05-31,2020-09-30,122,1,0,2,715,30
E001059,P00555,I0396,Anaesthesia,oral liquid,2016-01-01,2016-04-18,108,1,0,0,,30
E001060,P00556,I0215,Electrolytes / fluids,oral solid,2016-02-29,2016-06-09,101,1,0,0,,30
E001061,P00556,I0215,Electrolytes / fluids,oral solid,2018-11-12,2019-02-23,103,1,0,1,886,30
E001062,P00557,I0025,CNS / analgesia,inhalation,2017-01-13,2017-08-13,212,1,0,0,,30
E001063,P00558,I0185,Anti-infective,inhalation,2015-07-03,2015-07-26,23,1,0,0,,30
E001064,P00559,I0087,Anti-infective,oral liquid,2016-03-14,2016-04-08,25,1,0,0,,30
E001065,P00560,I0251,Cardiovascular,oral solid,2015-10-16,2016-02-16,123,1,0,0,,30
E001066,P00560,I0251,Cardiovascular,oral solid,2017-07-14,2017-10-22,100,1,0,1,514,30
E001067,P00560,I0251,Cardiovascular,oral solid,2019-09-28,2019-11-21,54,1,0,2,706,30
E001068,P00560,I0251,Cardiovascular,oral solid,2021-02-26,2021-03-20,22,1,0,3,463,30
E001069,P00560,I0251,Cardiovascular,oral solid,2023-07-14,2023-09-20,68,1,0,4,846,30
E001070,P00561,I0154,Anti-infective,oral liquid,2015-12-25,2016-03-23,89,1,0,0,,30
E001071,P00562,I0058,Respiratory,oral liquid,2015-06-27,2015-08-31,65,1,0,0,,30
E001072,P00563,I0297,Anaesthesia,injection,2016-05-19,2016-08-01,74,1,0,0,,30
E001073,P00564,I0363,CNS / analgesia,oral liquid,2015-08-24,2015-09-19,26,1,0,0,,30
E001074,P00564,I0363,CNS / analgesia,oral liquid,2016-04-08,2016-06-11,64,1,0,1,202,30
E001075,P00564,I0363,CNS / analgesia,oral liquid,2016-10-02,2017-03-10,159,1,0,2,113,30
E001076,P00564,I0363,CNS / analgesia,oral liquid,2017-11-29,2018-01-02,34,1,0,3,264,30
E001077,P00565,I0366,Immunologic,oral liquid,2015-09-25,2015-11-05,41,1,0,0,,30
E001078,P00566,I0244,Endocrine,oral liquid,2018-02-02,2018-03-21,47,1,0,0,,30
E001079,P00567,I0325,Electrolytes / fluids,oral solid,2016-11-21,2017-02-08,79,1,0,0,,30
E001080,P00567,I0325,Electrolytes / fluids,oral solid,2017-10-11,2017-11-06,26,1,0,1,245,30
E001081,P00568,I0044,Anti-infective,ophthalmic,2017-08-15,2017-11-19,96,1,0,0,,30
E001082,P00569,I0072,Cardiovascular,ophthalmic,2015-02-18,2015-03-10,20,1,0,0,,30
E001083,P00569,I0072,Cardiovascular,ophthalmic,2016-09-27,2017-01-03,98,1,0,1,567,30
E001084,P00570,I0322,Cardiovascular,oral liquid,2015-05-21,2015-08-25,96,1,0,0,,30
E001085,P00570,I0322,Cardiovascular,oral liquid,2016-11-27,2017-01-20,54,1,0,1,460,30
E001086,P00571,I0183,Anaesthesia,inhalation,2015-10-14,2016-01-20,98,1,0,0,,30
E001087,P00571,I0183,Anaesthesia,inhalation,2016-12-13,2017-02-07,56,1,0,1,328,30
E001088,P00572,I0253,Anaesthesia,oral liquid,2016-05-08,2016-06-08,31,1,0,0,,30
E001089,P00573,I0006,Endocrine,ophthalmic,2016-07-31,2016-09-04,35,1,0,0,,30
E001090,P00573,I0006,Endocrine,ophthalmic,2018-06-26,2018-12-25,182,1,0,1,660,30
E001091,P00574,I0204,Oncology,ophthalmic,2015-03-18,2015-07-22,126,1,0,0,,30
E001092,P00574,I0204,Oncology,ophthalmic,2017-10-04,2018-06-09,248,1,0,1,805,30
E001093,P00574,I0204,Oncology,ophthalmic,2019-08-18,2019-11-26,100,1,0,2,435,30
E001094,P00574,I0204,Oncology,ophthalmic,2020-02-07,2020-08-21,196,1,0,3,73,30
E001095,P00575,I0416,Oncology,inhalation,2017-09-20,2017-10-26,36,1,0,0,,30
E001096,P00575,I0416,Oncology,inhalation,2018-09-01,2018-09-15,14,1,0,1,310,30
E001097,P00575,I0416,Oncology,inhalation,2019-12-22,2020-03-06,75,1,0,2,463,30
E001098,P00576,I0101,Respiratory,inhalation,2017-02-05,2017-04-11,65,1,0,0,,30
E001099,P00577,I0037,Anaesthesia,injection,2015-05-24,2016-01-17,238,1,0,0,,30
E001100,P00578,I0255,Cardiovascular,oral solid,2016-09-13,2016-11-03,51,1,0,0,,30
E001101,P00578,I0255,Cardiovascular,oral solid,2019-03-01,2019-07-10,131,1,0,1,848,30
E001102,P00579,I0220,Anti-infective,inhalation,2016-04-08,2016-05-20,42,1,0,0,,30
E001103,P00580,I0250,Electrolytes / fluids,inhalation,2015-09-07,2016-01-02,117,1,0,0,,30
E001104,P00581,I0019,Anaesthesia,oral solid,2018-01-25,2018-05-17,112,1,0,0,,30
E001105,P00581,I0019,Anaesthesia,oral solid,2020-09-23,2020-12-17,85,1,0,1,860,30
E001106,P00581,I0019,Anaesthesia,oral solid,2021-10-28,2022-02-02,97,1,0,2,315,30
E001107,P00581,I0019,Anaesthesia,oral solid,2024-05-02,2024-08-17,107,1,0,3,820,30
E001108,P00582,I0093,Anaesthesia,ophthalmic,2017-11-23,2018-05-05,163,1,0,0,,30
E001109,P00582,I0093,Anaesthesia,ophthalmic,2019-01-02,2020-06-13,528,1,0,1,242,30
E001110,P00582,I0093,Anaesthesia,ophthalmic,2021-08-11,2021-08-21,10,1,0,2,424,30
E001111,P00583,I0328,Immunologic,ophthalmic,2016-05-21,2017-08-10,446,1,0,0,,30
E001112,P00584,I0372,Cardiovascular,injection,2018-02-26,2018-03-13,15,1,0,0,,30
E001113,P00584,I0372,Cardiovascular,injection,2018-10-23,2018-12-09,47,1,0,1,224,30
E001114,P00585,I0402,Oncology,oral solid,2018-01-08,2018-05-16,128,1,0,0,,30
E001115,P00585,I0402,Oncology,oral solid,2018-10-20,2019-01-25,97,1,0,1,157,30
E001116,P00586,I0117,CNS / analgesia,injection,2016-04-08,2016-06-07,60,1,0,0,,30
E001117,P00587,I0373,Oncology,oral solid,2016-06-04,2016-10-07,125,1,0,0,,30
E001118,P00587,I0373,Oncology,oral solid,2019-02-01,2019-05-04,92,1,0,1,847,30
E001119,P00588,I0174,Anti-infective,oral solid,2018-01-27,2018-02-21,25,1,0,0,,30
E001120,P00588,I0174,Anti-infective,oral solid,2018-10-27,2019-05-18,203,1,0,1,248,30
E001121,P00588,I0174,Anti-infective,oral solid,2020-01-28,2020-06-02,126,1,0,2,255,30
E001122,P00589,I0230,Cardiovascular,oral liquid,2016-02-13,2016-07-14,152,1,0,0,,30
E001123,P00589,I0230,Cardiovascular,oral liquid,2017-03-04,2017-06-25,113,1,0,1,233,30
E001124,P00590,I0263,Endocrine,injection,2016-05-24,2016-06-13,20,1,0,0,,30
E001125,P00591,I0006,Cardiovascular,oral solid,2015-03-12,2015-07-19,129,1,0,0,,30
E001126,P00591,I0006,Cardiovascular,oral solid,2017-10-19,2017-11-23,35,1,0,1,823,30
E001127,P00591,I0006,Cardiovascular,oral solid,2018-07-31,2018-10-16,77,1,0,2,250,30
E001128,P00591,I0006,Cardiovascular,oral solid,2019-01-23,2019-03-16,52,1,0,3,99,30
E001129,P00592,I0401,Endocrine,oral solid,2016-06-12,2016-07-26,44,1,0,0,,30
E001130,P00592,I0401,Endocrine,oral solid,2018-04-14,2018-09-20,159,1,0,1,627,30
E001131,P00592,I0401,Endocrine,oral solid,2019-02-11,2019-06-11,120,1,0,2,144,30
E001132,P00593,I0212,CNS / analgesia,ophthalmic,2015-07-26,2016-01-26,184,1,0,0,,30
E001133,P00594,I0312,Cardiovascular,oral solid,2015-03-11,2015-06-04,85,1,0,0,,30
E001134,P00594,I0312,Cardiovascular,oral solid,2016-06-03,2016-08-06,64,1,0,1,365,30
E001135,P00595,I0040,Oncology,inhalation,2016-10-14,2017-09-04,325,1,0,0,,30
E001136,P00595,I0040,Oncology,inhalation,2018-01-26,2018-03-11,44,1,0,1,144,30
E001137,P00595,I0040,Oncology,inhalation,2018-10-21,2018-12-16,56,1,0,2,224,30
E001138,P00595,I0040,Oncology,inhalation,2020-03-18,2020-10-07,203,1,0,3,458,30
E001139,P00595,I0040,Oncology,inhalation,2021-05-13,2021-09-02,112,1,0,4,218,30
E001140,P00596,I0355,CNS / analgesia,ophthalmic,2015-05-08,2015-05-28,20,1,0,0,,30
E001141,P00597,I0291,Anti-infective,oral solid,2016-07-09,2016-09-02,55,1,0,0,,30
E001142,P00598,I0076,Endocrine,oral liquid,2015-07-03,2015-10-09,98,1,0,0,,30
E001143,P00599,I0204,Ophthalmic,oral liquid,2017-08-01,2017-12-11,132,1,0,0,,30
E001144,P00599,I0204,Ophthalmic,oral liquid,2018-12-14,2019-02-02,50,1,0,1,368,30
E001145,P00599,I0204,Ophthalmic,oral liquid,2020-03-02,2020-04-27,56,1,0,2,394,30
E001146,P00599,I0204,Ophthalmic,oral liquid,2020-10-27,2020-12-29,63,1,0,3,183,30
E001147,P00600,I0073,Ophthalmic,oral liquid,2016-09-18,2016-11-30,73,1,0,0,,30
E001148,P00600,I0073,Ophthalmic,oral liquid,2019-04-22,2019-06-04,43,1,0,1,873,30
E001149,P00600,I0073,Ophthalmic,oral liquid,2020-05-01,2020-06-01,31,1,0,2,332,30
E001150,P00600,I0073,Ophthalmic,oral liquid,2022-01-08,2022-01-28,20,1,0,3,586,30
E001151,P00600,I0073,Ophthalmic,oral liquid,2024-02-12,2024-03-12,29,1,0,4,745,30
E001152,P00601,I0350,Anaesthesia,injection,2017-08-09,2018-05-27,291,1,0,0,,30
E001153,P00602,I0229,CNS / analgesia,injection,2015-12-02,2016-06-17,198,1,0,0,,30
E001154,P00603,I0267,Anaesthesia,oral solid,2016-11-03,2017-01-01,59,1,0,0,,30
E001155,P00603,I0267,Anaesthesia,oral solid,2018-11-25,2019-02-16,83,1,0,1,693,30
E001156,P00603,I0267,Anaesthesia,oral solid,2021-07-27,2021-10-22,87,1,0,2,892,30
E001157,P00603,I0267,Anaesthesia,oral solid,2024-01-09,2024-02-09,31,1,0,3,809,30
E001158,P00604,I0326,Anaesthesia,oral solid,2015-11-05,2016-03-18,134,1,0,0,,30
E001159,P00604,I0326,Anaesthesia,oral solid,2018-04-12,2018-09-12,153,1,0,1,755,30
E001160,P00604,I0326,Anaesthesia,oral solid,2020-01-24,2020-03-11,47,1,0,2,499,30
E001161,P00604,I0326,Anaesthesia,oral solid,2020-09-20,2020-11-17,58,1,0,3,193,30
E001162,P00604,I0326,Anaesthesia,oral solid,2021-05-16,2021-06-29,44,1,0,4,180,30
E001163,P00605,I0126,Cardiovascular,oral liquid,2017-11-29,2018-04-02,124,1,0,0,,30
E001164,P00606,I0378,Oncology,injection,2015-07-12,2018-02-18,952,1,0,0,,30
E001165,P00607,I0038,Anaesthesia,inhalation,2016-04-01,2016-08-28,149,1,0,0,,30
E001166,P00608,I0119,Anaesthesia,oral liquid,2015-04-11,2015-05-26,45,1,0,0,,30
E001167,P00608,I0119,Anaesthesia,oral liquid,2015-12-06,2016-01-22,47,1,0,1,194,30
E001168,P00608,I0119,Anaesthesia,oral liquid,2018-07-10,2018-10-14,96,1,0,2,900,30
E001169,P00608,I0119,Anaesthesia,oral liquid,2019-03-30,2019-05-11,42,1,0,3,167,30
E001170,P00609,I0032,Oncology,oral liquid,2016-06-19,2016-08-08,50,1,0,0,,30
E001171,P00609,I0032,Oncology,oral liquid,2017-11-26,2018-07-26,242,1,0,1,475,30
E001172,P00610,I0109,Endocrine,injection,2016-09-08,2016-10-17,39,1,0,0,,30
E001173,P00610,I0109,Endocrine,injection,2019-03-09,2019-06-04,87,1,0,1,873,30
E001174,P00611,I0089,CNS / analgesia,inhalation,2016-02-14,2016-04-04,50,1,0,0,,30
E001175,P00612,I0354,Electrolytes / fluids,ophthalmic,2017-02-20,2017-06-23,123,1,0,0,,30
E001176,P00613,I0333,Ophthalmic,inhalation,2017-06-30,2017-08-07,38,1,0,0,,30
E001177,P00613,I0333,Ophthalmic,inhalation,2019-05-04,2019-07-04,61,1,0,1,635,30
E001178,P00613,I0333,Ophthalmic,inhalation,2020-03-07,2020-04-09,33,1,0,2,247,30
E001179,P00613,I0333,Ophthalmic,inhalation,2021-10-31,2021-11-20,20,1,0,3,570,30
E001180,P00614,I0247,Anaesthesia,ophthalmic,2015-08-10,2015-10-04,55,1,0,0,,30
E001181,P00615,I0394,Cardiovascular,oral solid,2016-06-19,2016-12-09,173,1,0,0,,30
E001182,P00615,I0394,Cardiovascular,oral solid,2017-08-22,2017-09-05,14,1,0,1,256,30
E001183,P00616,I0204,Immunologic,ophthalmic,2017-03-15,2017-05-04,50,1,0,0,,30
E001184,P00616,I0204,Immunologic,ophthalmic,2019-07-09,2019-10-08,91,1,0,1,796,30
E001185,P00616,I0204,Immunologic,ophthalmic,2020-12-05,2021-01-20,46,1,0,2,424,30
E001186,P00617,I0030,Endocrine,inhalation,2015-10-08,2016-01-03,87,1,0,0,,30
E001187,P00617,I0030,Endocrine,inhalation,2017-10-21,2017-11-19,29,1,0,1,657,30
E001188,P00617,I0030,Endocrine,inhalation,2018-07-18,2018-10-04,78,1,0,2,241,30
E001189,P00618,I0067,Endocrine,ophthalmic,2015-01-27,2015-07-21,175,1,0,0,,30
E001190,P00618,I0067,Endocrine,ophthalmic,2016-03-11,2016-04-04,24,1,0,1,234,30
E001191,P00619,I0427,Endocrine,ophthalmic,2018-03-07,2018-06-25,110,1,0,0,,30
E001192,P00619,I0427,Endocrine,ophthalmic,2018-09-19,2019-01-15,118,1,0,1,86,30
E001193,P00620,I0351,Electrolytes / fluids,oral solid,2017-11-13,2017-12-27,44,1,0,0,,30
E001194,P00621,I0384,CNS / analgesia,inhalation,2016-05-30,2016-06-25,26,1,0,0,,30
E001195,P00621,I0384,CNS / analgesia,inhalation,2016-09-15,2016-10-05,20,1,0,1,82,30
E001196,P00621,I0384,CNS / analgesia,inhalation,2018-10-08,2019-03-21,164,1,0,2,733,30
E001197,P00622,I0177,Cardiovascular,injection,2015-07-04,2015-09-24,82,1,0,0,,30
E001198,P00622,I0177,Cardiovascular,injection,2017-06-05,2017-06-25,20,1,0,1,620,30
E001199,P00623,I0047,Endocrine,ophthalmic,2016-03-17,2016-09-08,175,1,0,0,,30
E001200,P00624,I0293,Endocrine,ophthalmic,2015-06-23,2015-08-02,40,1,0,0,,30
E001201,P00624,I0293,Endocrine,ophthalmic,2016-09-30,2016-10-14,14,1,0,1,425,30
E001202,P00625,I0090,Cardiovascular,inhalation,2017-04-17,2017-07-27,101,1,0,0,,30
E001203,P00625,I0090,Cardiovascular,inhalation,2018-04-23,2018-06-04,42,1,0,1,270,30
E001204,P00625,I0090,Cardiovascular,inhalation,2019-04-16,2019-05-24,38,1,0,2,316,30
E001205,P00626,I0218,Anti-infective,injection,2015-09-01,2017-02-20,538,1,0,0,,30
E001206,P00626,I0218,Anti-infective,injection,2018-10-19,2019-03-04,136,1,0,1,606,30
E001207,P00626,I0218,Anti-infective,injection,2020-02-05,2020-06-21,137,1,0,2,338,30
E001208,P00626,I0218,Anti-infective,injection,2020-08-06,2020-11-07,93,1,0,3,46,30
E001209,P00626,I0218,Anti-infective,injection,2021-12-26,2022-01-12,17,1,0,4,414,30
E001210,P00627,I0005,Anaesthesia,injection,2017-01-15,2017-06-15,151,1,0,0,,30
E001211,P00627,I0005,Anaesthesia,injection,2018-08-03,2019-05-19,289,1,0,1,414,30
E001212,P00628,I0174,Anaesthesia,injection,2016-08-06,2016-11-10,96,1,0,0,,30
E001213,P00628,I0174,Anaesthesia,injection,2018-05-10,2018-11-16,190,1,0,1,546,30
E001214,P00629,I0126,Endocrine,injection,2017-12-20,2018-10-18,302,1,0,0,,30
E001215,P00630,I0296,Ophthalmic,oral liquid,2015-05-19,2015-07-01,43,1,0,0,,30
E001216,P00630,I0296,Ophthalmic,oral liquid,2017-07-19,2017-11-24,128,1,0,1,749,30
E001217,P00631,I0135,Anti-infective,oral solid,2015-12-28,2016-05-29,153,1,0,0,,30
E001218,P00631,I0135,Anti-infective,oral solid,2017-05-16,2017-11-07,175,1,0,1,352,30
E001219,P00632,I0057,Electrolytes / fluids,oral liquid,2016-07-18,2016-10-10,84,1,0,0,,30
E001220,P00632,I0057,Electrolytes / fluids,oral liquid,2017-12-19,2018-05-24,156,1,0,1,435,30
E001221,P00633,I0091,Electrolytes / fluids,injection,2016-03-14,2016-09-29,199,1,0,0,,30
E001222,P00634,I0230,Anaesthesia,inhalation,2015-07-12,2015-10-26,106,1,0,0,,30
E001223,P00635,I0007,Cardiovascular,oral liquid,2017-08-01,2017-11-14,105,1,0,0,,30
E001224,P00636,I0304,Endocrine,injection,2016-09-15,2017-04-06,203,1,0,0,,30
E001225,P00637,I0359,Immunologic,inhalation,2017-05-13,2017-07-31,79,1,0,0,,30
E001226,P00637,I0359,Immunologic,inhalation,2018-02-22,2018-03-26,32,1,0,1,206,30
E001227,P00638,I0231,Ophthalmic,oral solid,2016-04-10,2016-06-02,53,1,0,0,,30
E001228,P00638,I0231,Ophthalmic,oral solid,2017-12-12,2018-03-06,84,1,0,1,558,30
E001229,P00638,I0231,Ophthalmic,oral solid,2019-05-31,2019-07-07,37,1,0,2,451,30
E001230,P00638,I0231,Ophthalmic,oral solid,2021-08-28,2021-11-21,85,1,0,3,783,30
E001231,P00638,I0231,Ophthalmic,oral solid,2023-06-30,2023-09-07,69,1,0,4,586,30
E001232,P00639,I0175,Cardiovascular,ophthalmic,2016-01-23,2016-02-17,25,1,0,0,,30
E001233,P00640,I0374,Anaesthesia,inhalation,2017-01-14,2017-03-15,60,1,0,0,,30
E001234,P00640,I0374,Anaesthesia,inhalation,2017-08-23,2017-10-14,52,1,0,1,161,30
E001235,P00640,I0374,Anaesthesia,inhalation,2019-03-30,2019-05-12,43,1,0,2,532,30
E001236,P00641,I0183,Ophthalmic,inhalation,2017-12-10,2018-01-26,47,1,0,0,,30
E001237,P00641,I0183,Ophthalmic,inhalation,2018-09-01,2018-10-13,42,1,0,1,218,30
E001238,P00641,I0183,Ophthalmic,inhalation,2019-04-01,2019-04-21,20,1,0,2,170,30
E001239,P00642,I0152,CNS / analgesia,oral liquid,2017-04-25,2017-05-24,29,1,0,0,,30
E001240,P00642,I0152,CNS / analgesia,oral liquid,2018-08-01,2018-08-26,25,1,0,1,434,30
E001241,P00642,I0152,CNS / analgesia,oral liquid,2019-12-15,2020-05-08,145,1,0,2,476,30
E001242,P00643,I0317,Cardiovascular,injection,2016-04-07,2016-08-07,122,1,0,0,,30
E001243,P00643,I0317,Cardiovascular,injection,2017-08-22,2017-11-01,71,1,0,1,380,30
E001244,P00644,I0028,Electrolytes / fluids,oral solid,2017-12-15,2018-02-26,73,1,0,0,,30
E001245,P00644,I0028,Electrolytes / fluids,oral solid,2019-06-12,2019-11-09,150,1,0,1,471,30
E001246,P00645,I0064,Immunologic,oral solid,2015-01-16,2015-03-01,44,1,0,0,,30
E001247,P00645,I0064,Immunologic,oral solid,2017-03-09,2017-10-28,233,1,0,1,739,30
E001248,P00645,I0064,Immunologic,oral solid,2018-01-20,2018-03-19,58,1,0,2,84,30
E001249,P00646,I0064,Anti-infective,injection,2016-09-22,2016-11-27,66,1,0,0,,30
E001250,P00647,I0428,Oncology,oral liquid,2016-02-20,2016-07-30,161,1,0,0,,30
E001251,P00647,I0428,Oncology,oral liquid,2017-07-10,2018-01-05,179,1,0,1,345,30
E001252,P00648,I0218,CNS / analgesia,inhalation,2017-08-07,2017-09-18,42,1,0,0,,30
E001253,P00648,I0218,CNS / analgesia,inhalation,2018-09-15,2018-10-09,24,1,0,1,362,30
E001254,P00649,I0368,Cardiovascular,inhalation,2017-06-14,2017-07-30,46,1,0,0,,30
E001255,P00649,I0368,Cardiovascular,inhalation,2019-02-21,2019-05-22,90,1,0,1,571,30
E001256,P00650,I0404,Oncology,inhalation,2015-01-17,2015-10-12,268,1,0,0,,30
E001257,P00651,I0287,Anaesthesia,oral liquid,2016-02-04,2016-06-02,119,1,0,0,,30
E001258,P00651,I0287,Anaesthesia,oral liquid,2018-04-10,2018-05-18,38,1,0,1,677,30
E001259,P00651,I0287,Anaesthesia,oral liquid,2019-06-01,2019-10-10,131,1,0,2,379,30
E001260,P00651,I0287,Anaesthesia,oral liquid,2021-05-24,2021-09-26,125,1,0,3,592,30
E001261,P00652,I0399,Anaesthesia,oral solid,2015-06-17,2016-04-30,318,1,0,0,,30
E001262,P00653,I0236,Anti-infective,oral solid,2018-02-24,2018-12-11,290,1,0,0,,30
E001263,P00653,I0236,Anti-infective,oral solid,2020-04-11,2020-09-10,152,1,0,1,487,30
E001264,P00653,I0236,Anti-infective,oral solid,2021-06-26,2021-11-15,142,1,0,2,289,30
E001265,P00654,I0083,Anti-infective,oral liquid,2017-08-20,2017-10-19,60,1,0,0,,30
E001266,P00655,I0019,Oncology,injection,2018-03-03,2018-09-07,188,1,0,0,,30
E001267,P00655,I0019,Oncology,injection,2020-05-17,2022-07-22,796,1,0,1,618,30
E001268,P00656,I0138,Electrolytes / fluids,injection,2018-02-16,2018-10-22,248,1,0,0,,30
E001269,P00656,I0138,Electrolytes / fluids,injection,2019-03-26,2019-04-17,22,1,0,1,155,30
E001270,P00656,I0138,Electrolytes / fluids,injection,2020-05-29,2020-07-26,58,1,0,2,408,30
E001271,P00656,I0138,Electrolytes / fluids,injection,2022-11-19,2023-04-17,149,1,0,3,846,30
E001272,P00656,I0138,Electrolytes / fluids,injection,2024-05-04,2024-06-12,39,1,0,4,383,30
E001273,P00657,I0196,Electrolytes / fluids,injection,2017-10-15,2018-03-02,138,1,0,0,,30
E001274,P00658,I0115,Ophthalmic,oral liquid,2016-12-16,2017-07-10,206,1,0,0,,30
E001275,P00659,I0411,Cardiovascular,injection,2016-02-14,2016-07-26,163,1,0,0,,30
E001276,P00660,I0391,Anti-infective,oral liquid,2015-12-29,2016-07-26,210,1,0,0,,30
E001277,P00661,I0224,CNS / analgesia,inhalation,2017-08-23,2017-10-24,62,1,0,0,,30
E001278,P00662,I0210,Respiratory,inhalation,2016-10-05,2016-11-16,42,1,0,0,,30
E001279,P00663,I0121,Endocrine,injection,2017-04-15,2017-06-24,70,1,0,0,,30
E001280,P00663,I0121,Endocrine,injection,2018-11-07,2019-02-23,108,1,0,1,501,30
E001281,P00663,I0121,Endocrine,injection,2019-05-12,2019-07-22,71,1,0,2,78,30
E001282,P00664,I0277,Anti-infective,ophthalmic,2017-09-22,2018-01-30,130,1,0,0,,30
E001283,P00664,I0277,Anti-infective,ophthalmic,2019-10-15,2020-01-09,86,1,0,1,623,30
E001284,P00664,I0277,Anti-infective,ophthalmic,2020-02-24,2020-04-02,38,1,0,2,46,30
E001285,P00665,I0181,CNS / analgesia,injection,2016-06-07,2016-09-19,104,1,0,0,,30
E001286,P00665,I0181,CNS / analgesia,injection,2017-02-16,2017-03-15,27,1,0,1,150,30
E001287,P00666,I0035,Anti-infective,oral solid,2017-09-17,2017-10-25,38,1,0,0,,30
E001288,P00667,I0260,Oncology,oral solid,2015-01-12,2015-06-25,164,1,0,0,,30
E001289,P00667,I0260,Oncology,oral solid,2017-04-18,2018-05-07,384,1,0,1,663,30
E001290,P00667,I0260,Oncology,oral solid,2018-10-15,2019-01-01,78,1,0,2,161,30
E001291,P00667,I0260,Oncology,oral solid,2019-03-28,2019-06-25,89,1,0,3,86,30
E001292,P00668,I0074,Cardiovascular,inhalation,2017-01-21,2017-03-21,59,1,0,0,,30
E001293,P00668,I0074,Cardiovascular,inhalation,2019-02-26,2019-03-29,31,1,0,1,707,30
E001294,P00669,I0295,Endocrine,ophthalmic,2015-12-05,2015-12-22,17,1,0,0,,30
E001295,P00669,I0295,Endocrine,ophthalmic,2016-12-29,2017-04-25,117,1,0,1,373,30
E001296,P00670,I0303,Endocrine,inhalation,2015-05-28,2015-08-03,67,1,0,0,,30
E001297,P00670,I0303,Endocrine,inhalation,2016-07-19,2016-10-30,103,1,0,1,351,30
E001298,P00670,I0303,Endocrine,inhalation,2017-08-15,2017-09-08,24,1,0,2,289,30
E001299,P00670,I0303,Endocrine,inhalation,2019-09-01,2019-11-07,67,1,0,3,723,30
E001300,P00671,I0150,Electrolytes / fluids,oral liquid,2015-04-12,2015-06-09,58,1,0,0,,30
E001301,P00672,I0248,Oncology,ophthalmic,2017-01-05,2017-12-06,335,1,0,0,,30
E001302,P00673,I0089,CNS / analgesia,injection,2015-07-18,2015-10-18,92,1,0,0,,30
E001303,P00673,I0089,CNS / analgesia,injection,2018-03-07,2018-03-24,17,1,0,1,871,30
E001304,P00673,I0089,CNS / analgesia,injection,2018-07-26,2018-08-26,31,1,0,2,124,30
E001305,P00674,I0416,Anti-infective,ophthalmic,2016-03-20,2016-06-22,94,1,0,0,,30
E001306,P00674,I0416,Anti-infective,ophthalmic,2017-11-17,2017-12-27,40,1,0,1,513,30
E001307,P00674,I0416,Anti-infective,ophthalmic,2019-10-19,2020-02-08,112,1,0,2,661,30
E001308,P00674,I0416,Anti-infective,ophthalmic,2022-04-22,2022-06-13,52,1,0,3,804,30
E001309,P00675,I0055,CNS / analgesia,injection,2018-03-16,2018-05-09,54,1,0,0,,30
E001310,P00676,I0178,Anti-infective,ophthalmic,2016-09-04,2016-09-30,26,1,0,0,,30
E001311,P00677,I0250,Endocrine,inhalation,2018-02-04,2018-03-22,46,1,0,0,,30
E001312,P00678,I0356,Anti-infective,oral solid,2016-10-09,2017-01-29,112,1,0,0,,30
E001313,P00678,I0356,Anti-infective,oral solid,2017-05-22,2017-09-09,110,1,0,1,113,30
E001314,P00679,I0351,Immunologic,ophthalmic,2018-03-05,2018-07-15,132,1,0,0,,30
E001315,P00680,I0367,Anti-infective,injection,2017-06-28,2017-08-13,46,1,0,0,,30
E001316,P00681,I0400,Oncology,oral solid,2016-01-09,2016-02-18,40,1,0,0,,30
E001317,P00681,I0400,Oncology,oral solid,2016-03-31,2017-02-21,327,1,0,1,42,30
E001318,P00682,I0021,Anti-infective,ophthalmic,2017-10-02,2017-12-24,83,1,0,0,,30
E001319,P00682,I0021,Anti-infective,ophthalmic,2018-06-08,2018-11-13,158,1,0,1,166,30
E001320,P00683,I0378,Anti-infective,ophthalmic,2017-09-11,2017-10-24,43,1,0,0,,30
E001321,P00684,I0164,Ophthalmic,inhalation,2015-08-15,2015-09-26,42,1,0,0,,30
E001322,P00684,I0164,Ophthalmic,inhalation,2016-07-28,2017-01-05,161,1,0,1,306,30
E001323,P00685,I0164,CNS / analgesia,oral solid,2017-04-22,2017-07-23,92,1,0,0,,30
E001324,P00686,I0420,Oncology,ophthalmic,2016-04-17,2016-08-07,112,1,0,0,,30
E001325,P00687,I0039,Respiratory,ophthalmic,2016-02-03,2016-03-31,57,1,0,0,,30
E001326,P00688,I0351,Electrolytes / fluids,injection,2017-10-27,2017-12-11,45,1,0,0,,30
E001327,P00689,I0387,Cardiovascular,oral solid,2015-10-23,2015-12-02,40,1,0,0,,30
E001328,P00690,I0345,CNS / analgesia,inhalation,2015-08-23,2016-02-29,190,1,0,0,,30
E001329,P00690,I0345,CNS / analgesia,inhalation,2017-02-14,2018-06-15,486,1,0,1,351,30
E001330,P00690,I0345,CNS / analgesia,inhalation,2019-02-21,2020-02-01,345,1,0,2,251,30
E001331,P00691,I0063,Respiratory,inhalation,2016-07-10,2016-08-28,49,1,0,0,,30
E001332,P00692,I0387,Electrolytes / fluids,oral liquid,2016-02-20,2016-05-20,90,1,0,0,,30
E001333,P00692,I0387,Electrolytes / fluids,oral liquid,2018-02-28,2018-06-03,95,1,0,1,649,30
E001334,P00693,I0079,Anti-infective,ophthalmic,2015-11-07,2016-01-24,78,1,0,0,,30
E001335,P00694,I0273,CNS / analgesia,ophthalmic,2016-07-28,2016-09-24,58,1,0,0,,30
E001336,P00694,I0273,CNS / analgesia,ophthalmic,2018-05-01,2018-10-13,165,1,0,1,584,30
E001337,P00694,I0273,CNS / analgesia,ophthalmic,2019-06-30,2019-08-30,61,1,0,2,260,30
E001338,P00694,I0273,CNS / analgesia,ophthalmic,2021-08-30,2022-02-26,180,1,0,3,731,30
E001339,P00695,I0014,Electrolytes / fluids,oral liquid,2017-05-31,2017-11-02,155,1,0,0,,30
E001340,P00695,I0014,Electrolytes / fluids,oral liquid,2018-02-03,2018-07-07,154,1,0,1,93,30
E001341,P00695,I0014,Electrolytes / fluids,oral liquid,2020-11-17,2020-12-27,40,1,0,2,864,30
E001342,P00696,I0368,Electrolytes / fluids,injection,2015-03-29,2015-07-31,124,1,0,0,,30
E001343,P00696,I0368,Electrolytes / fluids,injection,2017-11-23,2018-07-20,239,1,0,1,846,30
E001344,P00697,I0122,Anti-infective,oral liquid,2016-07-11,2016-08-31,51,1,0,0,,30
E001345,P00697,I0122,Anti-infective,oral liquid,2018-12-30,2019-05-29,150,1,0,1,851,30
E001346,P00697,I0122,Anti-infective,oral liquid,2021-11-10,2021-12-07,27,1,0,2,896,30
E001347,P00697,I0122,Anti-infective,oral liquid,2023-03-04,2023-09-01,181,1,0,3,452,30
E001348,P00697,I0122,Anti-infective,oral liquid,2025-05-06,2025-06-26,51,1,0,4,613,30
E001349,P00698,I0285,Electrolytes / fluids,ophthalmic,2016-07-20,2016-09-20,62,1,0,0,,30
E001350,P00699,I0382,Endocrine,inhalation,2017-07-27,2017-10-22,87,1,0,0,,30
E001351,P00699,I0382,Endocrine,inhalation,2019-08-03,2019-11-21,110,1,0,1,650,30
E001352,P00699,I0382,Endocrine,inhalation,2021-02-18,2021-08-30,193,1,0,2,455,30
E001353,P00700,I0196,Anaesthesia,injection,2016-03-17,2016-05-29,73,1,0,0,,30
E001354,P00701,I0240,Endocrine,ophthalmic,2016-11-14,2016-12-25,41,1,0,0,,30
E001355,P00702,I0138,Anti-infective,ophthalmic,2016-10-28,2016-12-23,56,1,0,0,,30
E001356,P00702,I0138,Anti-infective,ophthalmic,2018-10-27,2018-11-21,25,1,0,1,673,30
E001357,P00703,I0033,Anti-infective,oral liquid,2017-04-23,2017-10-21,181,1,0,0,,30
E001358,P00703,I0033,Anti-infective,oral liquid,2018-11-14,2018-12-01,17,1,0,1,389,30
E001359,P00704,I0387,Oncology,ophthalmic,2017-11-07,2018-03-29,142,1,0,0,,30
E001360,P00705,I0025,Electrolytes / fluids,oral liquid,2015-11-24,2016-01-03,40,1,0,0,,30
E001361,P00705,I0025,Electrolytes / fluids,oral liquid,2017-11-22,2018-01-26,65,1,0,1,689,30
E001362,P00706,I0314,Anti-infective,oral liquid,2016-04-02,2016-07-11,100,1,0,0,,30
E001363,P00707,I0427,Respiratory,oral liquid,2015-06-06,2015-07-17,41,1,0,0,,30
E001364,P00708,I0397,Anti-infective,ophthalmic,2016-03-31,2016-08-28,150,1,0,0,,30
E001365,P00708,I0397,Anti-infective,ophthalmic,2018-07-05,2018-09-02,59,1,0,1,676,30
E001366,P00708,I0397,Anti-infective,ophthalmic,2021-01-08,2021-11-25,321,1,0,2,859,30
E001367,P00709,I0280,Electrolytes / fluids,injection,2017-11-29,2018-05-18,170,1,0,0,,30
E001368,P00710,I0259,Ophthalmic,oral solid,2017-07-15,2017-08-12,28,1,0,0,,30
E001369,P00710,I0259,Ophthalmic,oral solid,2019-09-24,2020-02-06,135,1,0,1,773,30
E001370,P00711,I0053,Endocrine,oral solid,2016-08-13,2016-11-11,90,1,0,0,,30
E001371,P00711,I0053,Endocrine,oral solid,2017-03-17,2017-05-24,68,1,0,1,126,30
E001372,P00711,I0053,Endocrine,oral solid,2017-11-03,2018-04-01,149,1,0,2,163,30
E001373,P00711,I0053,Endocrine,oral solid,2020-03-15,2020-04-19,35,1,0,3,714,30
E001374,P00712,I0358,CNS / analgesia,inhalation,2018-04-03,2018-09-30,180,1,0,0,,30
E001375,P00713,I0230,Respiratory,ophthalmic,2016-02-28,2016-05-18,80,1,0,0,,30
E001376,P00714,I0202,Electrolytes / fluids,ophthalmic,2017-02-15,2017-05-05,79,1,0,0,,30
E001377,P00715,I0233,Immunologic,injection,2015-11-26,2015-12-13,17,1,0,0,,30
E001378,P00716,I0253,Anti-infective,injection,2015-12-08,2016-01-07,30,1,0,0,,30
E001379,P00717,I0151,Cardiovascular,oral liquid,2016-12-16,2017-03-22,96,1,0,0,,30
E001380,P00718,I0137,Anaesthesia,ophthalmic,2017-08-06,2018-04-27,264,1,0,0,,30
E001381,P00719,I0353,CNS / analgesia,oral solid,2018-02-20,2018-04-10,49,1,0,0,,30
E001382,P00719,I0353,CNS / analgesia,oral solid,2020-03-29,2020-05-07,39,1,0,1,719,30
E001383,P00719,I0353,CNS / analgesia,oral solid,2022-08-01,2022-10-13,73,1,0,2,816,30
E001384,P00720,I0132,Anti-infective,injection,2015-08-19,2015-12-28,131,1,0,0,,30
E001385,P00720,I0132,Anti-infective,injection,2016-02-10,2016-04-14,64,1,0,1,44,30
E001386,P00721,I0197,Electrolytes / fluids,oral solid,2015-03-31,2016-01-06,281,1,0,0,,30
E001387,P00722,I0079,Anti-infective,oral solid,2015-12-24,2016-03-10,77,1,0,0,,30
E001388,P00722,I0079,Anti-infective,oral solid,2018-07-03,2018-07-31,28,1,0,1,845,30
E001389,P00722,I0079,Anti-infective,oral solid,2020-12-08,2021-03-03,85,1,0,2,861,30
E001390,P00722,I0079,Anti-infective,oral solid,2022-10-10,2023-01-15,97,1,0,3,586,30
E001391,P00723,I0250,Cardiovascular,oral solid,2017-07-07,2018-06-02,330,1,0,0,,30
E001392,P00723,I0250,Cardiovascular,oral solid,2018-12-30,2019-02-11,43,1,0,1,211,30
E001393,P00724,I0405,Oncology,ophthalmic,2016-04-26,2016-09-29,156,1,0,0,,30
E001394,P00724,I0405,Oncology,ophthalmic,2017-11-30,2018-01-15,46,1,0,1,427,30
E001395,P00724,I0405,Oncology,ophthalmic,2018-04-01,2019-11-11,589,1,0,2,76,30
E001396,P00725,I0018,Oncology,injection,2018-03-09,2018-03-27,18,1,0,0,,30
E001397,P00726,I0229,Electrolytes / fluids,oral liquid,2017-08-22,2017-10-13,52,1,0,0,,30
E001398,P00727,I0391,Immunologic,inhalation,2017-08-12,2017-10-03,52,1,0,0,,30
E001399,P00728,I0063,Oncology,oral liquid,2016-09-26,2016-11-16,51,1,0,0,,30
E001400,P00728,I0063,Oncology,oral liquid,2018-05-13,2018-08-17,96,1,0,1,543,30
E001401,P00728,I0063,Oncology,oral liquid,2020-11-26,2021-01-02,37,1,0,2,832,30
E001402,P00728,I0063,Oncology,oral liquid,2023-04-07,2023-07-31,115,1,0,3,825,30
E001403,P00728,I0063,Oncology,oral liquid,2023-11-18,2024-02-10,84,1,0,4,110,30
E001404,P00729,I0048,CNS / analgesia,ophthalmic,2015-09-18,2015-10-09,21,1,0,0,,30
E001405,P00729,I0048,CNS / analgesia,ophthalmic,2017-02-06,2017-05-11,94,1,0,1,486,30
E001406,P00729,I0048,CNS / analgesia,ophthalmic,2019-04-10,2019-06-01,52,1,0,2,699,30
E001407,P00730,I0360,CNS / analgesia,oral liquid,2017-07-10,2017-11-26,139,1,0,0,,30
E001408,P00731,I0372,CNS / analgesia,ophthalmic,2016-08-17,2016-09-22,36,1,0,0,,30
E001409,P00731,I0372,CNS / analgesia,ophthalmic,2017-03-06,2017-05-06,61,1,0,1,165,30
E001410,P00732,I0150,Electrolytes / fluids,oral solid,2017-11-03,2018-01-17,75,1,0,0,,30
E001411,P00732,I0150,Electrolytes / fluids,oral solid,2018-12-22,2019-03-11,79,1,0,1,339,30
E001412,P00733,I0092,Anaesthesia,inhalation,2016-11-22,2018-01-09,413,1,0,0,,30
E001413,P00733,I0092,Anaesthesia,inhalation,2019-06-28,2020-11-23,514,1,0,1,535,30
E001414,P00734,I0106,Endocrine,inhalation,2015-04-24,2016-03-29,340,1,0,0,,30
E001415,P00735,I0391,Immunologic,inhalation,2017-01-04,2017-07-01,178,1,0,0,,30
E001416,P00736,I0069,Anaesthesia,ophthalmic,2017-03-18,2017-05-19,62,1,0,0,,30
E001417,P00736,I0069,Anaesthesia,ophthalmic,2018-06-21,2018-08-22,62,1,0,1,398,30
E001418,P00736,I0069,Anaesthesia,ophthalmic,2019-05-23,2019-07-14,52,1,0,2,274,30
E001419,P00737,I0319,Oncology,injection,2015-08-29,2015-12-02,95,1,0,0,,30
E001420,P00738,I0186,Immunologic,oral solid,2015-03-10,2015-05-10,61,1,0,0,,30
E001421,P00738,I0186,Immunologic,oral solid,2015-12-06,2016-02-11,67,1,0,1,210,30
E001422,P00739,I0405,CNS / analgesia,ophthalmic,2016-02-04,2016-05-28,114,1,0,0,,30
E001423,P00739,I0405,CNS / analgesia,ophthalmic,2016-12-22,2017-01-25,34,1,0,1,208,30
E001424,P00739,I0405,CNS / analgesia,ophthalmic,2018-04-08,2018-07-17,100,1,0,2,438,30
E001425,P00740,I0126,Electrolytes / fluids,oral liquid,2017-05-05,2017-08-02,89,1,0,0,,30
E001426,P00741,I0209,Endocrine,oral solid,2017-03-27,2017-06-12,77,1,0,0,,30
E001427,P00742,I0162,Cardiovascular,inhalation,2016-09-30,2016-11-03,34,1,0,0,,30
E001428,P00742,I0162,Cardiovascular,inhalation,2018-03-01,2018-04-22,52,1,0,1,483,30
E001429,P00742,I0162,Cardiovascular,inhalation,2018-07-12,2018-09-10,60,1,0,2,81,30
E001430,P00742,I0162,Cardiovascular,inhalation,2021-02-15,2021-03-22,35,1,0,3,889,30
E001431,P00742,I0162,Cardiovascular,inhalation,2022-05-30,2023-01-05,220,1,0,4,434,30
E001432,P00743,I0114,Ophthalmic,oral solid,2017-10-19,2017-12-24,66,1,0,0,,30
E001433,P00743,I0114,Ophthalmic,oral solid,2019-01-22,2019-02-14,23,1,0,1,394,30
E001434,P00743,I0114,Ophthalmic,oral solid,2020-04-11,2020-06-06,56,1,0,2,422,30
E001435,P00743,I0114,Ophthalmic,oral solid,2021-07-10,2022-03-15,248,1,0,3,399,30
E001436,P00743,I0114,Ophthalmic,oral solid,2024-03-19,2024-05-26,68,1,0,4,735,30
E001437,P00744,I0168,Cardiovascular,oral liquid,2015-05-07,2015-09-17,133,1,0,0,,30
E001438,P00745,I0086,Cardiovascular,injection,2015-10-06,2015-12-03,58,1,0,0,,30
E001439,P00745,I0086,Cardiovascular,injection,2016-11-27,2017-04-19,143,1,0,1,360,30
E001440,P00745,I0086,Cardiovascular,injection,2017-07-26,2017-09-13,49,1,0,2,98,30
E001441,P00745,I0086,Cardiovascular,injection,2019-08-23,2020-06-16,298,1,0,3,709,30
E001442,P00746,I0212,Ophthalmic,oral liquid,2017-11-06,2017-11-27,21,1,0,0,,30
E001443,P00747,I0328,Oncology,ophthalmic,2015-07-09,2015-12-06,150,1,0,0,,30
E001444,P00747,I0328,Oncology,ophthalmic,2017-07-18,2017-10-16,90,1,0,1,590,30
E001445,P00748,I0075,CNS / analgesia,oral solid,2016-04-10,2016-07-01,82,1,0,0,,30
E001446,P00749,I0248,Ophthalmic,oral solid,2016-07-14,2016-11-11,120,1,0,0,,30
E001447,P00750,I0103,Cardiovascular,inhalation,2016-02-11,2016-10-11,243,1,0,0,,30
E001448,P00751,I0411,Endocrine,inhalation,2016-03-04,2016-08-09,158,1,0,0,,30
E001449,P00752,I0324,Anti-infective,oral liquid,2017-03-08,2017-07-20,134,1,0,0,,30
E001450,P00753,I0311,Ophthalmic,inhalation,2017-04-12,2017-06-06,55,1,0,0,,30
E001451,P00753,I0311,Ophthalmic,inhalation,2019-06-19,2019-09-05,78,1,0,1,743,30
E001452,P00753,I0311,Ophthalmic,inhalation,2021-03-18,2021-04-15,28,1,0,2,560,30
E001453,P00754,I0251,Anti-infective,oral solid,2016-11-22,2017-03-20,118,1,0,0,,30
E001454,P00754,I0251,Anti-infective,oral solid,2019-03-30,2019-04-24,25,1,0,1,740,30
E001455,P00754,I0251,Anti-infective,oral solid,2021-04-29,2021-06-16,48,1,0,2,736,30
E001456,P00755,I0173,Endocrine,oral solid,2016-08-08,2016-08-23,15,1,0,0,,30
E001457,P00756,I0060,Oncology,oral solid,2016-03-01,2017-08-06,523,1,0,0,,30
E001458,P00756,I0060,Oncology,oral solid,2018-01-21,2018-06-24,154,1,0,1,168,30
E001459,P00756,I0060,Oncology,oral solid,2019-09-05,2019-11-25,81,1,0,2,438,30
E001460,P00756,I0060,Oncology,oral solid,2022-04-28,2022-08-21,115,1,0,3,885,30
E001461,P00757,I0052,Respiratory,injection,2015-07-28,2015-11-11,106,1,0,0,,30
E001462,P00757,I0052,Respiratory,injection,2017-08-10,2018-01-26,169,1,0,1,638,30
E001463,P00758,I0317,Ophthalmic,ophthalmic,2015-11-16,2016-04-28,164,1,0,0,,30
E001464,P00758,I0317,Ophthalmic,ophthalmic,2018-08-24,2018-12-07,105,1,0,1,848,30
E001465,P00759,I0420,Immunologic,injection,2016-01-17,2016-03-04,47,1,0,0,,30
E001466,P00759,I0420,Immunologic,injection,2016-05-09,2016-07-19,71,1,0,1,66,30
E001467,P00760,I0238,Cardiovascular,oral solid,2017-05-15,2017-07-28,74,1,0,0,,30
E001468,P00760,I0238,Cardiovascular,oral solid,2018-03-28,2018-05-16,49,1,0,1,243,30
E001469,P00760,I0238,Cardiovascular,oral solid,2018-11-30,2019-04-26,147,1,0,2,198,30
E001470,P00760,I0238,Cardiovascular,oral solid,2019-08-08,2019-09-18,41,1,0,3,104,30
E001471,P00760,I0238,Cardiovascular,oral solid,2019-11-01,2020-04-26,177,1,0,4,44,30
E001472,P00761,I0135,Anti-infective,oral liquid,2016-01-30,2016-02-23,24,1,0,0,,30
E001473,P00761,I0135,Anti-infective,oral liquid,2017-08-04,2018-08-31,392,1,0,1,528,30
E001474,P00761,I0135,Anti-infective,oral liquid,2019-07-30,2019-09-07,39,1,0,2,333,30
E001475,P00762,I0283,CNS / analgesia,oral solid,2015-03-11,2015-05-23,73,1,0,0,,30
E001476,P00762,I0283,CNS / analgesia,oral solid,2017-03-20,2017-05-03,44,1,0,1,667,30
E001477,P00762,I0283,CNS / analgesia,oral solid,2017-08-10,2017-09-10,31,1,0,2,99,30
E001478,P00763,I0165,Endocrine,injection,2018-03-01,2018-04-14,44,1,0,0,,30
E001479,P00763,I0165,Endocrine,injection,2019-08-11,2019-12-24,135,1,0,1,484,30
E001480,P00763,I0165,Endocrine,injection,2020-06-13,2020-08-21,69,1,0,2,172,30
E001481,P00764,I0176,Anti-infective,injection,2017-03-11,2017-04-30,50,1,0,0,,30
E001482,P00765,I0128,Cardiovascular,inhalation,2016-04-05,2016-06-27,83,1,0,0,,30
E001483,P00766,I0396,Immunologic,injection,2017-05-18,2018-01-18,245,1,0,0,,30
E001484,P00766,I0396,Immunologic,injection,2019-08-23,2019-10-21,59,1,0,1,582,30
E001485,P00767,I0047,Respiratory,injection,2015-10-08,2015-12-27,80,1,0,0,,30
E001486,P00768,I0215,Ophthalmic,ophthalmic,2017-03-25,2017-09-25,184,1,0,0,,30
E001487,P00769,I0010,Ophthalmic,oral liquid,2016-05-10,2016-12-28,232,1,0,0,,30
E001488,P00770,I0084,Anti-infective,inhalation,2018-01-27,2018-08-19,204,1,0,0,,30
E001489,P00770,I0084,Anti-infective,inhalation,2019-05-16,2019-07-04,49,1,0,1,270,30
E001490,P00771,I0251,Endocrine,oral liquid,2015-05-08,2015-09-26,141,1,0,0,,30
E001491,P00771,I0251,Endocrine,oral liquid,2016-05-10,2016-09-16,129,1,0,1,227,30
E001492,P00772,I0136,CNS / analgesia,oral liquid,2017-08-09,2017-09-16,38,1,0,0,,30
E001493,P00772,I0136,CNS / analgesia,oral liquid,2019-09-27,2020-10-23,392,1,0,1,741,30
E001494,P00773,I0060,Oncology,injection,2017-09-23,2017-11-04,42,1,0,0,,30
E001495,P00774,I0087,CNS / analgesia,inhalation,2016-04-27,2016-06-08,42,1,0,0,,30
E001496,P00775,I0409,Oncology,inhalation,2017-09-13,2017-11-23,71,1,0,0,,30
E001497,P00775,I0409,Oncology,inhalation,2019-08-13,2019-10-10,58,1,0,1,628,30
E001498,P00776,I0073,Anti-infective,injection,2017-04-08,2017-06-03,56,1,0,0,,30
E001499,P00776,I0073,Anti-infective,injection,2018-06-10,2018-10-08,120,1,0,1,372,30
E001500,P00776,I0073,Anti-infective,injection,2021-01-07,2021-03-10,62,1,0,2,822,30
E001501,P00776,I0073,Anti-infective,injection,2022-08-13,2022-12-23,132,1,0,3,521,30
E001502,P00777,I0389,Electrolytes / fluids,inhalation,2017-04-06,2017-06-02,57,1,0,0,,30
E001503,P00778,I0377,Endocrine,inhalation,2017-09-22,2019-01-03,468,1,0,0,,30
E001504,P00778,I0377,Endocrine,inhalation,2020-01-05,2020-02-22,48,1,0,1,367,30
E001505,P00778,I0377,Endocrine,inhalation,2020-06-27,2020-12-25,181,1,0,2,126,30
E001506,P00778,I0377,Endocrine,inhalation,2022-06-26,2022-12-30,187,1,0,3,548,30
E001507,P00779,I0248,Anaesthesia,oral liquid,2017-12-06,2018-03-12,96,1,0,0,,30
E001508,P00780,I0373,CNS / analgesia,ophthalmic,2015-07-04,2016-03-10,250,1,0,0,,30
E001509,P00780,I0373,CNS / analgesia,ophthalmic,2016-04-11,2016-05-12,31,1,0,1,32,30
E001510,P00780,I0373,CNS / analgesia,ophthalmic,2018-03-13,2018-04-22,40,1,0,2,670,30
E001511,P00781,I0147,Anaesthesia,oral solid,2016-11-30,2017-02-13,75,1,0,0,,30
E001512,P00781,I0147,Anaesthesia,oral solid,2019-02-08,2019-05-07,88,1,0,1,725,30
E001513,P00782,I0286,Cardiovascular,inhalation,2015-11-16,2016-03-22,127,1,0,0,,30
E001514,P00783,I0049,Anaesthesia,inhalation,2017-03-24,2017-06-23,91,1,0,0,,30
E001515,P00784,I0113,Electrolytes / fluids,oral liquid,2017-09-03,2018-02-03,153,1,0,0,,30
E001516,P00784,I0113,Electrolytes / fluids,oral liquid,2018-06-09,2018-09-09,92,1,0,1,126,30
E001517,P00784,I0113,Electrolytes / fluids,oral liquid,2019-10-06,2020-01-16,102,1,0,2,392,30
E001518,P00784,I0113,Electrolytes / fluids,oral liquid,2021-04-11,2021-11-21,224,1,0,3,451,30
E001519,P00785,I0009,Immunologic,ophthalmic,2017-10-09,2018-02-08,122,1,0,0,,30
E001520,P00785,I0009,Immunologic,ophthalmic,2019-02-02,2019-07-01,149,1,0,1,359,30
E001521,P00786,I0336,Oncology,inhalation,2015-03-14,2015-06-30,108,1,0,0,,30
E001522,P00787,I0165,Anaesthesia,oral solid,2015-07-26,2015-12-08,135,1,0,0,,30
E001523,P00788,I0424,Cardiovascular,ophthalmic,2017-09-27,2018-04-24,209,1,0,0,,30
E001524,P00788,I0424,Cardiovascular,ophthalmic,2020-09-09,2021-02-12,156,1,0,1,869,30
E001525,P00788,I0424,Cardiovascular,ophthalmic,2021-08-23,2021-11-11,80,1,0,2,192,30
E001526,P00789,I0351,Anti-infective,injection,2018-02-09,2018-03-09,28,1,0,0,,30
E001527,P00790,I0022,Endocrine,inhalation,2016-11-16,2017-01-27,72,1,0,0,,30
E001528,P00790,I0022,Endocrine,inhalation,2017-09-15,2017-10-21,36,1,0,1,231,30
E001529,P00791,I0384,Electrolytes / fluids,ophthalmic,2015-10-19,2016-04-24,188,1,0,0,,30
E001530,P00792,I0226,Endocrine,ophthalmic,2015-10-10,2016-03-12,154,1,0,0,,30
E001531,P00792,I0226,Endocrine,ophthalmic,2018-03-24,2018-10-12,202,1,0,1,742,30
E001532,P00793,I0185,CNS / analgesia,oral liquid,2016-05-28,2016-08-15,79,1,0,0,,30
E001533,P00794,I0018,Endocrine,oral solid,2016-02-28,2016-03-23,24,1,0,0,,30
E001534,P00795,I0353,Anti-infective,oral liquid,2018-04-15,2018-12-24,253,1,0,0,,30
E001535,P00796,I0099,Oncology,injection,2017-07-16,2018-03-04,231,1,0,0,,30
E001536,P00796,I0099,Oncology,injection,2018-04-09,2018-08-31,144,1,0,1,36,30
E001537,P00797,I0006,Oncology,ophthalmic,2016-04-13,2016-06-30,78,1,0,0,,30
E001538,P00798,I0423,CNS / analgesia,injection,2017-10-31,2018-01-15,76,1,0,0,,30
E001539,P00798,I0423,CNS / analgesia,injection,2020-03-05,2020-04-22,48,1,0,1,780,30
E001540,P00798,I0423,CNS / analgesia,injection,2021-12-10,2022-03-31,111,1,0,2,597,30
E001541,P00798,I0423,CNS / analgesia,injection,2023-06-02,2023-07-13,41,1,0,3,428,30
E001542,P00799,I0016,Electrolytes / fluids,injection,2016-03-30,2016-05-22,53,1,0,0,,30
E001543,P00800,I0280,Oncology,oral solid,2017-07-31,2018-05-25,298,1,0,0,,30
E001544,P00800,I0280,Oncology,oral solid,2019-05-04,2019-08-25,113,1,0,1,344,30
E001545,P00801,I0169,Anti-infective,oral solid,2015-10-05,2015-12-13,69,1,0,0,,30
E001546,P00802,I0113,Anti-infective,oral liquid,2015-10-10,2015-12-04,55,1,0,0,,30
E001547,P00802,I0113,Anti-infective,oral liquid,2016-07-02,2016-08-13,42,1,0,1,211,30
E001548,P00802,I0113,Anti-infective,oral liquid,2016-10-21,2017-02-13,115,1,0,2,69,30
E001549,P00802,I0113,Anti-infective,oral liquid,2017-10-24,2018-01-07,75,1,0,3,253,30
E001550,P00803,I0373,Cardiovascular,inhalation,2016-12-19,2017-03-04,75,1,0,0,,30
E001551,P00803,I0373,Cardiovascular,inhalation,2018-01-16,2018-03-14,57,1,0,1,318,30
E001552,P00803,I0373,Cardiovascular,inhalation,2018-12-31,2019-03-18,77,1,0,2,292,30
E001553,P00803,I0373,Cardiovascular,inhalation,2021-08-30,2021-12-29,121,1,0,3,896,30
E001554,P00804,I0051,Electrolytes / fluids,injection,2017-12-16,2018-02-01,47,1,0,0,,30
E001555,P00805,I0311,Cardiovascular,inhalation,2015-03-20,2015-05-03,44,1,0,0,,30
E001556,P00805,I0311,Cardiovascular,inhalation,2016-07-23,2017-05-28,309,1,0,1,447,30
E001557,P00806,I0173,Cardiovascular,inhalation,2016-03-04,2016-05-22,79,1,0,0,,30
E001558,P00807,I0080,Anti-infective,ophthalmic,2016-04-05,2016-08-14,131,1,0,0,,30
E001559,P00807,I0080,Anti-infective,ophthalmic,2017-11-22,2018-03-17,115,1,0,1,465,30
E001560,P00808,I0191,Cardiovascular,oral solid,2017-03-28,2017-05-21,54,1,0,0,,30
E001561,P00808,I0191,Cardiovascular,oral solid,2019-01-11,2019-02-18,38,1,0,1,600,30
E001562,P00809,I0185,CNS / analgesia,inhalation,2017-07-27,2017-09-17,52,1,0,0,,30
E001563,P00810,I0197,Cardiovascular,oral solid,2016-09-09,2016-10-11,32,1,0,0,,30
E001564,P00810,I0197,Cardiovascular,oral solid,2017-06-24,2017-08-17,54,1,0,1,256,30
E001565,P00810,I0197,Cardiovascular,oral solid,2019-09-28,2019-11-17,50,1,0,2,772,30
E001566,P00810,I0197,Cardiovascular,oral solid,2020-08-25,2021-02-10,169,1,0,3,282,30
E001567,P00811,I0244,Anaesthesia,ophthalmic,2017-06-08,2017-08-04,57,1,0,0,,30
E001568,P00811,I0244,Anaesthesia,ophthalmic,2020-01-18,2021-07-04,533,1,0,1,897,30
E001569,P00811,I0244,Anaesthesia,ophthalmic,2022-12-16,2023-10-03,291,1,0,2,530,30
E001570,P00812,I0361,Oncology,oral liquid,2016-03-29,2016-05-08,40,1,0,0,,30
E001571,P00813,I0165,Ophthalmic,oral liquid,2017-05-29,2017-08-13,76,1,0,0,,30
E001572,P00813,I0165,Ophthalmic,oral liquid,2019-10-17,2019-12-15,59,1,0,1,795,30
E001573,P00813,I0165,Ophthalmic,oral liquid,2020-04-17,2020-07-08,82,1,0,2,124,30
E001574,P00813,I0165,Ophthalmic,oral liquid,2022-08-31,2022-10-14,44,1,0,3,784,30
E001575,P00813,I0165,Ophthalmic,oral liquid,2024-12-23,2025-07-25,214,1,0,4,801,30
E001576,P00814,I0021,Oncology,injection,2018-02-16,2019-12-12,664,1,0,0,,30
E001577,P00814,I0021,Oncology,injection,2021-08-19,2021-10-18,60,1,0,1,616,30
E001578,P00814,I0021,Oncology,injection,2022-07-10,2023-04-28,292,1,0,2,265,30
E001579,P00815,I0055,Ophthalmic,oral solid,2018-04-04,2018-06-07,64,1,0,0,,30
E001580,P00815,I0055,Ophthalmic,oral solid,2019-01-28,2019-03-29,60,1,0,1,235,30
E001581,P00816,I0020,Ophthalmic,injection,2015-12-19,2016-04-04,107,1,0,0,,30
E001582,P00816,I0020,Ophthalmic,injection,2018-01-14,2018-09-02,231,1,0,1,650,30
E001583,P00817,I0112,Cardiovascular,injection,2015-10-21,2015-11-17,27,1,0,0,,30
E001584,P00818,I0389,Anaesthesia,oral liquid,2017-01-25,2017-03-02,36,1,0,0,,30
E001585,P00818,I0389,Anaesthesia,oral liquid,2018-01-03,2018-04-03,90,1,0,1,307,30
E001586,P00818,I0389,Anaesthesia,oral liquid,2020-09-16,2021-03-11,176,1,0,2,897,30
E001587,P00818,I0389,Anaesthesia,oral liquid,2023-08-26,2024-02-26,184,1,0,3,898,30
E001588,P00819,I0415,Respiratory,inhalation,2016-04-21,2016-06-19,59,1,0,0,,30
E001589,P00820,I0234,Endocrine,inhalation,2017-10-15,2017-12-15,61,1,0,0,,30
E001590,P00821,I0087,Anaesthesia,oral liquid,2016-05-22,2016-06-17,26,1,0,0,,30
E001591,P00822,I0411,Immunologic,inhalation,2017-09-17,2018-09-16,364,1,0,0,,30
E001592,P00822,I0411,Immunologic,inhalation,2019-10-11,2020-01-27,108,1,0,1,390,30
E001593,P00823,I0366,Anaesthesia,oral liquid,2016-09-03,2017-01-14,133,1,0,0,,30
E001594,P00823,I0366,Anaesthesia,oral liquid,2019-04-09,2019-06-07,59,1,0,1,815,30
E001595,P00823,I0366,Anaesthesia,oral liquid,2020-03-23,2020-09-08,169,1,0,2,290,30
E001596,P00824,I0035,Cardiovascular,oral solid,2017-09-12,2017-11-21,70,1,0,0,,30
E001597,P00824,I0035,Cardiovascular,oral solid,2018-05-17,2018-07-14,58,1,0,1,177,30
E001598,P00824,I0035,Cardiovascular,oral solid,2020-09-01,2020-11-19,79,1,0,2,780,30
E001599,P00824,I0035,Cardiovascular,oral solid,2022-07-02,2022-09-24,84,1,0,3,590,30
E001600,P00825,I0001,CNS / analgesia,injection,2017-03-14,2017-04-20,37,1,0,0,,30
E001601,P00826,I0305,CNS / analgesia,injection,2016-05-27,2016-07-01,35,1,0,0,,30
E001602,P00826,I0305,CNS / analgesia,injection,2018-01-14,2018-05-05,111,1,0,1,562,30
E001603,P00827,I0105,Anti-infective,oral liquid,2018-03-15,2018-04-11,27,1,0,0,,30
E001604,P00827,I0105,Anti-infective,oral liquid,2018-06-03,2018-08-04,62,1,0,1,53,30
E001605,P00828,I0193,Anti-infective,ophthalmic,2017-05-13,2017-06-16,34,1,0,0,,30
E001606,P00828,I0193,Anti-infective,ophthalmic,2018-10-24,2018-12-13,50,1,0,1,495,30
E001607,P00828,I0193,Anti-infective,ophthalmic,2021-05-05,2021-05-24,19,1,0,2,874,30
E001608,P00828,I0193,Anti-infective,ophthalmic,2023-07-24,2024-01-07,167,1,0,3,791,30
E001609,P00828,I0193,Anti-infective,ophthalmic,2025-12-12,,,0,1,4,705,30
E001610,P00829,I0221,Anaesthesia,oral solid,2015-10-15,2016-01-05,82,1,0,0,,30
E001611,P00829,I0221,Anaesthesia,oral solid,2016-05-19,2016-07-14,56,1,0,1,135,30
E001612,P00829,I0221,Anaesthesia,oral solid,2017-07-16,2017-10-28,104,1,0,2,367,30
E001613,P00829,I0221,Anaesthesia,oral solid,2020-02-22,2020-04-06,44,1,0,3,847,30
E001614,P00830,I0290,Cardiovascular,inhalation,2015-12-08,2016-02-07,61,1,0,0,,30
E001615,P00831,I0198,Anaesthesia,oral liquid,2015-08-31,2015-11-10,71,1,0,0,,30
E001616,P00831,I0198,Anaesthesia,oral liquid,2018-01-25,2018-05-12,107,1,0,1,807,30
E001617,P00831,I0198,Anaesthesia,oral liquid,2020-02-05,2020-05-31,116,1,0,2,634,30
E001618,P00831,I0198,Anaesthesia,oral liquid,2022-08-22,2023-03-13,203,1,0,3,813,30
E001619,P00832,I0295,Endocrine,oral solid,2015-12-20,2016-01-27,38,1,0,0,,30
E001620,P00833,I0117,Electrolytes / fluids,injection,2015-07-07,2015-09-27,82,1,0,0,,30
E001621,P00834,I0398,Cardiovascular,oral solid,2017-10-28,2018-01-22,86,1,0,0,,30
E001622,P00834,I0398,Cardiovascular,oral solid,2019-03-22,2019-04-26,35,1,0,1,424,30
E001623,P00835,I0246,Oncology,oral solid,2018-01-04,2018-11-18,318,1,0,0,,30
E001624,P00836,I0151,Cardiovascular,oral liquid,2015-05-19,2016-06-05,383,1,0,0,,30
E001625,P00837,I0361,Anti-infective,oral liquid,2016-08-27,2016-12-04,99,1,0,0,,30
E001626,P00837,I0361,Anti-infective,oral liquid,2019-04-14,2019-07-06,83,1,0,1,861,30
E001627,P00838,I0035,Electrolytes / fluids,oral liquid,2016-10-07,2016-11-25,49,1,0,0,,30
E001628,P00838,I0035,Electrolytes / fluids,oral liquid,2017-07-06,2017-08-29,54,1,0,1,223,30
E001629,P00839,I0025,Oncology,ophthalmic,2016-05-18,2016-07-09,52,1,0,0,,30
E001630,P00839,I0025,Oncology,ophthalmic,2017-08-24,2017-10-02,39,1,0,1,411,30
E001631,P00839,I0025,Oncology,ophthalmic,2019-04-01,2019-08-17,138,1,0,2,546,30
E001632,P00840,I0259,CNS / analgesia,inhalation,2015-09-10,2015-10-18,38,1,0,0,,30
E001633,P00840,I0259,CNS / analgesia,inhalation,2017-10-10,2017-11-24,45,1,0,1,723,30
E001634,P00841,I0289,Anti-infective,injection,2017-08-03,2017-09-01,29,1,0,0,,30
E001635,P00841,I0289,Anti-infective,injection,2020-01-26,2020-03-05,39,1,0,1,877,30
E001636,P00842,I0378,Anti-infective,ophthalmic,2016-02-21,2016-04-06,45,1,0,0,,30
E001637,P00842,I0378,Anti-infective,ophthalmic,2017-06-11,2017-09-10,91,1,0,1,431,30
E001638,P00842,I0378,Anti-infective,ophthalmic,2019-01-08,2019-02-05,28,1,0,2,485,30
E001639,P00842,I0378,Anti-infective,ophthalmic,2019-08-24,2019-10-11,48,1,0,3,200,30
E001640,P00843,I0131,Immunologic,ophthalmic,2017-07-17,2017-08-14,28,1,0,0,,30
E001641,P00844,I0234,Anti-infective,injection,2017-09-22,2017-12-04,73,1,0,0,,30
E001642,P00844,I0234,Anti-infective,injection,2018-05-10,2018-06-03,24,1,0,1,157,30
E001643,P00845,I0205,Oncology,inhalation,2015-11-09,2016-01-08,60,1,0,0,,30
E001644,P00845,I0205,Oncology,inhalation,2017-06-08,2017-07-21,43,1,0,1,517,30
E001645,P00846,I0135,Electrolytes / fluids,injection,2017-08-05,2017-09-12,38,1,0,0,,30
E001646,P00847,I0023,CNS / analgesia,injection,2016-12-11,2017-01-27,47,1,0,0,,30
E001647,P00847,I0023,CNS / analgesia,injection,2018-08-20,2018-11-07,79,1,0,1,570,30
E001648,P00848,I0109,CNS / analgesia,ophthalmic,2016-02-04,2016-02-29,25,1,0,0,,30
E001649,P00848,I0109,CNS / analgesia,ophthalmic,2017-06-05,2017-09-20,107,1,0,1,462,30
E001650,P00848,I0109,CNS / analgesia,ophthalmic,2018-10-01,2018-10-28,27,1,0,2,376,30
E001651,P00849,I0341,Anti-infective,inhalation,2017-12-28,2018-03-02,64,1,0,0,,30
E001652,P00850,I0325,Cardiovascular,inhalation,2015-06-01,2015-08-30,90,1,0,0,,30
E001653,P00851,I0225,CNS / analgesia,inhalation,2015-06-11,2016-03-23,286,1,0,0,,30
E001654,P00851,I0225,CNS / analgesia,inhalation,2016-07-05,2016-08-10,36,1,0,1,104,30
E001655,P00852,I0087,Cardiovascular,injection,2015-03-07,2016-05-04,424,1,0,0,,30
E001656,P00852,I0087,Cardiovascular,injection,2018-02-02,2018-05-04,91,1,0,1,639,30
E001657,P00852,I0087,Cardiovascular,injection,2020-09-09,2020-10-19,40,1,0,2,859,30
E001658,P00852,I0087,Cardiovascular,injection,2023-03-19,2023-10-10,205,1,0,3,881,30
E001659,P00852,I0087,Cardiovascular,injection,2025-07-09,2025-09-25,78,1,0,4,638,30
E001660,P00853,I0350,Oncology,oral solid,2015-06-13,2015-10-01,110,1,0,0,,30
E001661,P00854,I0262,Anti-infective,inhalation,2016-03-12,2016-09-05,177,1,0,0,,30
E001662,P00855,I0206,Oncology,injection,2015-05-23,2015-12-16,207,1,0,0,,30
E001663,P00855,I0206,Oncology,injection,2017-09-08,2018-11-03,421,1,0,1,632,30
E001664,P00855,I0206,Oncology,injection,2019-03-29,2019-06-10,73,1,0,2,146,30
E001665,P00856,I0110,Anaesthesia,oral liquid,2016-10-26,2016-12-24,59,1,0,0,,30
E001666,P00856,I0110,Anaesthesia,oral liquid,2019-01-06,2019-03-27,80,1,0,1,743,30
E001667,P00856,I0110,Anaesthesia,oral liquid,2020-06-10,2021-02-02,237,1,0,2,441,30
E001668,P00856,I0110,Anaesthesia,oral liquid,2022-12-29,2023-03-27,88,1,0,3,695,30
E001669,P00857,I0369,Anti-infective,oral liquid,2017-07-24,2017-10-03,71,1,0,0,,30
E001670,P00857,I0369,Anti-infective,oral liquid,2018-08-28,2018-10-08,41,1,0,1,329,30
E001671,P00857,I0369,Anti-infective,oral liquid,2019-07-08,2020-03-30,266,1,0,2,273,30
E001672,P00858,I0259,Electrolytes / fluids,ophthalmic,2015-10-21,2015-11-26,36,1,0,0,,30
E001673,P00858,I0259,Electrolytes / fluids,ophthalmic,2016-07-31,2017-07-05,339,1,0,1,248,30
E001674,P00858,I0259,Electrolytes / fluids,ophthalmic,2018-05-06,2019-05-24,383,1,0,2,305,30
E001675,P00859,I0015,Ophthalmic,oral liquid,2016-03-01,2016-03-18,17,1,0,0,,30
E001676,P00859,I0015,Ophthalmic,oral liquid,2018-06-24,2018-12-25,184,1,0,1,828,30
E001677,P00859,I0015,Ophthalmic,oral liquid,2019-08-17,2019-09-04,18,1,0,2,235,30
E001678,P00860,I0002,Oncology,ophthalmic,2017-01-30,2017-05-17,107,1,0,0,,30
E001679,P00860,I0002,Oncology,ophthalmic,2017-07-23,2018-06-23,335,1,0,1,67,30
E001680,P00861,I0026,Anti-infective,oral solid,2016-10-22,2017-05-17,207,1,0,0,,30
E001681,P00862,I0285,CNS / analgesia,ophthalmic,2017-01-23,2018-06-05,498,1,0,0,,30
E001682,P00862,I0285,CNS / analgesia,ophthalmic,2020-05-22,2021-05-10,353,1,0,1,717,30
E001683,P00863,I0148,Anti-infective,inhalation,2015-03-06,2015-04-11,36,1,0,0,,30
E001684,P00864,I0124,Anti-infective,ophthalmic,2017-07-08,2017-08-13,36,1,0,0,,30
E001685,P00865,I0146,Cardiovascular,injection,2015-03-21,2015-05-04,44,1,0,0,,30
E001686,P00866,I0076,CNS / analgesia,inhalation,2016-12-17,2017-02-07,52,1,0,0,,30
E001687,P00866,I0076,CNS / analgesia,inhalation,2019-06-04,2019-07-16,42,1,0,1,847,30
E001688,P00867,I0018,Cardiovascular,injection,2015-04-11,2015-06-28,78,1,0,0,,30
E001689,P00867,I0018,Cardiovascular,injection,2016-11-30,2017-02-19,81,1,0,1,521,30
E001690,P00867,I0018,Cardiovascular,injection,2018-11-19,2018-12-25,36,1,0,2,638,30
E001691,P00868,I0161,Cardiovascular,ophthalmic,2015-08-17,2016-02-09,176,1,0,0,,30
E001692,P00869,I0250,Anaesthesia,inhalation,2017-01-26,2017-04-30,94,1,0,0,,30
E001693,P00870,I0403,Anti-infective,ophthalmic,2016-08-20,2017-10-25,431,1,0,0,,30
E001694,P00871,I0101,CNS / analgesia,inhalation,2015-04-05,2015-06-23,79,1,0,0,,30
E001695,P00872,I0086,Cardiovascular,inhalation,2016-04-27,2016-09-26,152,1,0,0,,30
E001696,P00872,I0086,Cardiovascular,inhalation,2017-07-14,2017-08-28,45,1,0,1,291,30
E001697,P00873,I0423,Ophthalmic,oral solid,2015-12-22,2016-11-16,330,1,0,0,,30
E001698,P00874,I0076,CNS / analgesia,oral solid,2015-11-02,2016-03-24,143,1,0,0,,30
E001699,P00875,I0324,Anti-infective,oral solid,2015-03-17,2015-07-15,120,1,0,0,,30
E001700,P00876,I0403,Immunologic,ophthalmic,2016-02-16,2016-06-22,127,1,0,0,,30
E001701,P00876,I0403,Immunologic,ophthalmic,2017-06-30,2017-08-16,47,1,0,1,373,30
E001702,P00877,I0346,Electrolytes / fluids,oral liquid,2018-02-23,2018-04-03,39,1,0,0,,30
E001703,P00877,I0346,Electrolytes / fluids,oral liquid,2019-06-03,2019-12-30,210,1,0,1,426,30
E001704,P00878,I0410,Oncology,oral liquid,2015-10-19,2015-12-05,47,1,0,0,,30
E001705,P00878,I0410,Oncology,oral liquid,2016-04-13,2016-05-06,23,1,0,1,130,30
E001706,P00878,I0410,Oncology,oral liquid,2017-01-27,2017-03-10,42,1,0,2,266,30
E001707,P00878,I0410,Oncology,oral liquid,2018-10-30,2019-02-22,115,1,0,3,599,30
E001708,P00879,I0072,Anaesthesia,oral liquid,2017-08-11,2018-03-05,206,1,0,0,,30
E001709,P00880,I0301,Anaesthesia,injection,2016-12-01,2017-06-15,196,1,0,0,,30
E001710,P00880,I0301,Anaesthesia,injection,2019-01-29,2019-03-27,57,1,0,1,593,30
